rn,absmean_X1,absmean_X2,absmean_X3,absmean_total,abssd_X1,abssd_X2,abssd_X3,abssd_total,h_X_1,h_X_2,h_X_3,h_X_1_2,h_X_1_3,h_X_2_3,comp_time,true_model,fitted_model,variables,notes,rho,pi.G,sd_noise,nTrain,nTest,w_threshold,n_threshold,this.seed
empirical_sigma.01,0.0770695483410847,0.075944882450437,0.0809136784466557,0.0779760364127258,0.0778933407459952,0.0850911487603622,0.0785703201834683,0.0805848644607267,0.1,0.1,0.1,0.1,0.1,0.1,18.241,Linear,Linear,Gaussian,All var equal contribution,0.1,1,0.1,2000,1000,1,1000,123
empirical_AIC_each_k,0.0361166179208481,0.0397800368400367,0.0452582822903426,0.0403849790170758,0.029690039573951,0.0309054626509794,0.0403238128072873,0.0341696493307247,0.380711359020887,0.380711359020887,0.380711359020887,0.316882737210145,0.316882737210145,0.316882737210145,15548.618,Linear,Linear,Gaussian,All var equal contribution,0.1,1,0.1,2000,1000,1,1000,123
empirical_AIC_full,0.0368444021905921,0.040944289877936,0.0451681126558857,0.0409856015748046,0.0312982451331727,0.031437051080958,0.0389168926105688,0.0342282859644157,0.304371490028908,0.341124941252817,0.529588860845672,0.289933210153608,0.390060920255094,0.317941188514474,17236.851,Linear,Linear,Gaussian,All var equal contribution,0.1,1,0.1,2000,1000,1,1000,123
empirical_independence,0.0955533691954769,0.0939174918596294,0.095988476739021,0.0951531125980424,0.0722864955206223,0.0680220373747848,0.0692442493934452,0.0698563256016267,Inf,Inf,Inf,Inf,Inf,Inf,18.4150000000009,Linear,Linear,Gaussian,All var equal contribution,0.1,1,0.1,2000,1000,1,1000,123
Gaussian,0.0347589738717935,0.0258934215307259,0.0452227029712645,0.035291699457928,0.0243754046618373,0.0194406747638721,0.0275785729091926,0.025290453112369,,,,,,,16.3059999999969,Linear,Linear,Gaussian,All var equal contribution,0.1,1,0.1,2000,1000,1,1000,123
copula,0.0334372255566347,0.0273292919682422,0.0449042542680425,0.0352235905976398,0.0229857189369777,0.0194398249130712,0.0268034178570445,0.0243780583926318,,,,,,,47.8570000000036,Linear,Linear,Gaussian,All var equal contribution,0.1,1,0.1,2000,1000,1,1000,123
