rn,absmean_X1,absmean_X2,absmean_X3,absmean_total,abssd_X1,abssd_X2,abssd_X3,abssd_total,h_X_1,h_X_2,h_X_3,h_X_1_2,h_X_1_3,h_X_2_3,comp_time,true_model,fitted_model,variables,notes,rho,pi.G,sd_noise,nTrain,nTest,w_threshold,n_threshold,this.seed
empirical_sigma.01,0.0563710044565888,0.0486001125615061,0.0670958608954295,0.0573556593045081,0.0516724827517207,0.0262098372435761,0.0769495744923715,0.0520819790476827,0.1,0.1,0.1,0.1,0.1,0.1,0.119000000006054,PiecewiseConstant,XGBoost,Gaussian,All var equal contribution,0.95,1,0.1,200,5,1,1000,123
empirical_AIC_each_k,0.068941769694026,0.029725790380192,0.054701607093129,0.051123055722449,0.04395122333106,0.0188343056399526,0.0693723855935788,0.0480599727609178,0.243336152676114,0.243336152676114,0.243336152676114,0.17882980417717,0.17882980417717,0.17882980417717,0.634999999994761,PiecewiseConstant,XGBoost,Gaussian,All var equal contribution,0.95,1,0.1,200,5,1,1000,123
empirical_AIC_full,0.0717087894733933,0.03144649833055,0.0616647161151084,0.0549400013063506,0.0458049530563019,0.0146918009165479,0.0680808477004478,0.0479490591958304,0.179129214148508,0.229205445202033,0.264183199834442,0.172015934549451,0.170241170571312,0.20993694910324,0.80800000000454,PiecewiseConstant,XGBoost,Gaussian,All var equal contribution,0.95,1,0.1,200,5,1,1000,123
empirical_independence,0.296082676240178,0.145580015799081,0.151484270688936,0.197715654242732,0.182039336200443,0.131755845536846,0.131963214997761,0.156822587355732,Inf,Inf,Inf,Inf,Inf,Inf,0.112999999997555,PiecewiseConstant,XGBoost,Gaussian,All var equal contribution,0.95,1,0.1,200,5,1,1000,123
Gaussian,0.00830908054113491,0.010675984740645,0.00851741219852269,0.00916749249343421,0.0136919434601069,0.00738413318342131,0.00487409571537084,0.0087838378862193,,,,,,,0.158999999999651,PiecewiseConstant,XGBoost,Gaussian,All var equal contribution,0.95,1,0.1,200,5,1,1000,123
copula,0.0260966493313702,0.0169739792525824,0.0126234385534006,0.0185646890457844,0.0157176571341045,0.0032583240111457,0.0100007910099889,0.0116603882926795,,,,,,,0.202999999994063,PiecewiseConstant,XGBoost,Gaussian,All var equal contribution,0.95,1,0.1,200,5,1,1000,123
treeSHAP,0.261729057040963,0.123374168676444,0.138366519627892,0.1744899151151,0.144694223864212,0.11085381903005,0.122715351697463,0.133838419697335,,,,,,,0.00300000001152512,PiecewiseConstant,XGBoost,Gaussian,All var equal contribution,0.95,1,0.1,200,5,1,1000,123
