id,study,sweep,rep,is_warmup,dataset,approach,n_features,max_n_coalitions,n_MC_samples,min_n_batches,max_batch_size,max_batch_cube_size,workers,backend,dt_threads,n_train,n_explain,iterative,group,group_size,approach_args,pair_role,coalitions_from,coalitions_override,timestamp,hostname,r_version,shapr_version,git_sha,pid,status,data_load_secs,wall_secs,cpu_user_secs,cpu_sys_secs,cpu_user_child_secs,cpu_sys_child_secs,gc_peak_bytes,used_n_coalitions,n_iterations,used_n_batches,used_n_batches_max,effective_max_batch_size,total_time_secs,phase_setup,phase_test_prediction,phase_main_computation,phase_finalize_explanation,peak_rss_tree_bytes,peak_cgroup_bytes,bash_wall_secs,exit_code,timed_out,peak_ram_bytes,peak_ram_mb
1,gaussian,scale_train_mc,0,TRUE,numeric,gaussian,12,128,25,10,Inf,1000000,1,multisession,1,250,25,FALSE,FALSE,2,,"",NA,NA,2026-07-07T23:05:31+0200,jullum-ubuntu,4.6.1,1.0.8.9002,b9c5fcd1,778164,ok,0.8835,1.5787,1.548,0.029,0,0,233049696,128,1,10,10,133,1.4192,0.044,0.0271,1.3419,0.0062,280453120,255635456,3.388,0,FALSE,255635456,243.8
2,gaussian,scale_train_mc,1,FALSE,numeric,gaussian,12,128,25,10,Inf,1000000,1,multisession,1,250,25,FALSE,FALSE,2,,"",NA,NA,2026-07-07T21:49:31+0200,jullum-ubuntu,4.6.1,1.0.8.9002,b9c5fcd1,720118,ok,0.8919,1.5899,1.574,0.016,0,0,232929168,128,1,10,10,133,1.4287,0.043,0.0275,1.3467,0.0116,282759168,254959616,3.38,0,FALSE,254959616,243.1
3,gaussian,scale_train_mc,2,FALSE,numeric,gaussian,12,128,25,10,Inf,1000000,1,multisession,1,250,25,FALSE,FALSE,2,,"",NA,NA,2026-07-07T23:03:37+0200,jullum-ubuntu,4.6.1,1.0.8.9002,b9c5fcd1,776055,ok,0.8799,1.5942,1.568,0.025,0,0,233012744,128,1,10,10,133,1.4305,0.0434,0.0276,1.3527,0.0069,282353664,255639552,3.385,0,FALSE,255639552,243.8
4,gaussian,scale_train_mc,3,FALSE,numeric,gaussian,12,128,25,10,Inf,1000000,1,multisession,1,250,25,FALSE,FALSE,2,,"",NA,NA,2026-07-07T21:48:58+0200,jullum-ubuntu,4.6.1,1.0.8.9002,b9c5fcd1,718821,ok,0.8939,1.5909,1.557,0.033,0,0,232971928,128,1,10,10,133,1.4313,0.0426,0.0274,1.3551,0.0062,282398720,254996480,3.398,0,FALSE,254996480,243.2
5,gaussian,scale_train_mc,0,TRUE,numeric,gaussian,12,128,25,10,Inf,1000000,1,multisession,1,1000,25,FALSE,FALSE,2,,"",NA,NA,2026-07-07T19:27:14+0200,jullum-ubuntu,4.6.1,1.0.8.9002,b9c5fcd1,607442,ok,0.8954,1.6205,1.592,0.026,0,0,233302504,128,1,10,10,133,1.4569,0.0426,0.0274,1.3807,0.0062,282427392,255717376,3.424,0,FALSE,255717376,243.9
6,gaussian,scale_train_mc,1,FALSE,numeric,gaussian,12,128,25,10,Inf,1000000,1,multisession,1,1000,25,FALSE,FALSE,2,,"",NA,NA,2026-07-07T20:36:33+0200,jullum-ubuntu,4.6.1,1.0.8.9002,b9c5fcd1,661328,ok,0.8869,1.6134,1.586,0.026,0,0,233288400,128,1,10,10,133,1.45,0.0427,0.0272,1.3739,0.0062,282697728,255844352,3.417,0,FALSE,255844352,244
7,gaussian,scale_train_mc,2,FALSE,numeric,gaussian,12,128,25,10,Inf,1000000,1,multisession,1,1000,25,FALSE,FALSE,2,,"",NA,NA,2026-07-07T23:00:23+0200,jullum-ubuntu,4.6.1,1.0.8.9002,b9c5fcd1,771781,ok,0.8913,1.5885,1.559,0.028,0,0,233080480,128,1,10,10,133,1.4295,0.0426,0.0275,1.3482,0.0111,282329088,255619072,3.383,0,FALSE,255619072,243.8
8,gaussian,scale_train_mc,3,FALSE,numeric,gaussian,12,128,25,10,Inf,1000000,1,multisession,1,1000,25,FALSE,FALSE,2,,"",NA,NA,2026-07-07T20:40:15+0200,jullum-ubuntu,4.6.1,1.0.8.9002,b9c5fcd1,665810,ok,0.8795,1.5773,1.555,0.021,0,0,233090136,128,1,10,10,133,1.4162,0.0422,0.0271,1.3353,0.0115,280752128,255283200,3.359,0,FALSE,255283200,243.5
9,gaussian,scale_train_mc,0,TRUE,numeric,gaussian,12,128,25,10,Inf,1000000,1,multisession,1,2500,25,FALSE,FALSE,2,,"",NA,NA,2026-07-07T23:05:11+0200,jullum-ubuntu,4.6.1,1.0.8.9002,b9c5fcd1,777913,ok,0.8884,1.6162,1.585,0.03,0,0,233536784,128,1,10,10,133,1.4495,0.0426,0.0278,1.3727,0.0064,281030656,255545344,3.413,0,FALSE,255545344,243.7
10,gaussian,scale_train_mc,1,FALSE,numeric,gaussian,12,128,25,10,Inf,1000000,1,multisession,1,2500,25,FALSE,FALSE,2,,"",NA,NA,2026-07-07T20:35:09+0200,jullum-ubuntu,4.6.1,1.0.8.9002,b9c5fcd1,659754,ok,0.891,1.5908,1.557,0.032,0,0,233442240,128,1,10,10,133,1.4307,0.0424,0.0273,1.3547,0.0062,282947584,255660032,3.4,0,FALSE,255660032,243.8
11,gaussian,scale_train_mc,2,FALSE,numeric,gaussian,12,128,25,10,Inf,1000000,1,multisession,1,2500,25,FALSE,FALSE,2,,"",NA,NA,2026-07-07T22:59:08+0200,jullum-ubuntu,4.6.1,1.0.8.9002,b9c5fcd1,768920,ok,0.8839,1.5973,1.579,0.017,0,0,233486776,128,1,10,10,133,1.4389,0.0427,0.0274,1.3626,0.0062,282869760,256024576,3.384,0,FALSE,256024576,244.2
12,gaussian,scale_train_mc,3,FALSE,numeric,gaussian,12,128,25,10,Inf,1000000,1,multisession,1,2500,25,FALSE,FALSE,2,,"",NA,NA,2026-07-07T20:28:09+0200,jullum-ubuntu,4.6.1,1.0.8.9002,b9c5fcd1,648947,ok,0.897,1.5963,1.567,0.028,0,0,233434944,128,1,10,10,133,1.4353,0.0453,0.0285,1.3553,0.0062,283013120,255488000,3.407,0,FALSE,255488000,243.7
13,gaussian,scale_train_mc,0,TRUE,numeric,gaussian,12,128,25,10,Inf,1000000,1,multisession,1,5000,25,FALSE,FALSE,2,,"",NA,NA,2026-07-07T21:47:03+0200,jullum-ubuntu,4.6.1,1.0.8.9002,b9c5fcd1,713004,ok,0.8848,1.5694,1.535,0.03,0,0,233856488,128,1,10,10,133,1.4051,0.0424,0.0274,1.329,0.0063,283013120,256708608,3.362,0,FALSE,256708608,244.8
14,gaussian,scale_train_mc,1,FALSE,numeric,gaussian,12,128,25,10,Inf,1000000,1,multisession,1,5000,25,FALSE,FALSE,2,,"",NA,NA,2026-07-07T22:59:47+0200,jullum-ubuntu,4.6.1,1.0.8.9002,b9c5fcd1,769427,ok,0.8859,1.6406,1.613,0.023,0,0,234250048,128,1,10,10,133,1.4756,0.0426,0.0275,1.3992,0.0063,283586560,256880640,3.469,0,FALSE,256880640,245
15,gaussian,scale_train_mc,2,FALSE,numeric,gaussian,12,128,25,10,Inf,1000000,1,multisession,1,5000,25,FALSE,FALSE,2,,"",NA,NA,2026-07-07T20:27:59+0200,jullum-ubuntu,4.6.1,1.0.8.9002,b9c5fcd1,648271,ok,0.8906,1.6026,1.572,0.029,0,0,233991888,128,1,10,10,133,1.4403,0.043,0.0276,1.3634,0.0062,283938816,256585728,3.422,0,FALSE,256585728,244.7
16,gaussian,scale_train_mc,3,FALSE,numeric,gaussian,12,128,25,10,Inf,1000000,1,multisession,1,5000,25,FALSE,FALSE,2,,"",NA,NA,2026-07-07T19:23:51+0200,jullum-ubuntu,4.6.1,1.0.8.9002,b9c5fcd1,601714,ok,0.8897,1.6018,1.576,0.025,0,0,233958208,128,1,10,10,133,1.4408,0.0431,0.0282,1.3634,0.0062,283471872,256462848,3.4,0,FALSE,256462848,244.6
17,gaussian,scale_train_mc,0,TRUE,numeric,gaussian,12,128,25,10,Inf,1000000,1,multisession,1,10000,25,FALSE,FALSE,2,,"",NA,NA,2026-07-08T00:11:59+0200,jullum-ubuntu,4.6.1,1.0.8.9002,b9c5fcd1,797484,ok,0.8844,1.6205,1.595,0.024,0,0,234257648,128,1,10,10,133,1.4559,0.0429,0.0279,1.3788,0.0062,283242496,256438272,3.416,0,FALSE,256438272,244.6
18,gaussian,scale_train_mc,1,FALSE,numeric,gaussian,12,128,25,10,Inf,1000000,1,multisession,1,10000,25,FALSE,FALSE,2,,"",NA,NA,2026-07-07T20:35:17+0200,jullum-ubuntu,4.6.1,1.0.8.9002,b9c5fcd1,660123,ok,0.8905,1.5978,1.566,0.031,0,0,234185336,128,1,10,10,133,1.4383,0.0435,0.0279,1.3607,0.0062,283222016,256602112,3.391,0,FALSE,256602112,244.7
19,gaussian,scale_train_mc,2,FALSE,numeric,gaussian,12,128,25,10,Inf,1000000,1,multisession,1,10000,25,FALSE,FALSE,2,,"",NA,NA,2026-07-07T20:33:18+0200,jullum-ubuntu,4.6.1,1.0.8.9002,b9c5fcd1,657997,ok,0.8942,1.5924,1.569,0.023,0,0,234246864,128,1,10,10,133,1.4336,0.0429,0.028,1.3512,0.0115,283451392,256094208,3.397,0,FALSE,256094208,244.2
20,gaussian,scale_train_mc,3,FALSE,numeric,gaussian,12,128,25,10,Inf,1000000,1,multisession,1,10000,25,FALSE,FALSE,2,,"",NA,NA,2026-07-07T23:00:47+0200,jullum-ubuntu,4.6.1,1.0.8.9002,b9c5fcd1,772396,ok,0.8913,1.6313,1.598,0.03,0,0,234241120,128,1,10,10,133,1.4679,0.0428,0.028,1.3909,0.0062,282996736,256286720,3.45,0,FALSE,256286720,244.4
21,gaussian,scale_train_mc,0,TRUE,numeric,gaussian,12,128,25,10,Inf,1000000,1,multisession,1,20000,25,FALSE,FALSE,2,,"",NA,NA,2026-07-07T21:43:41+0200,jullum-ubuntu,4.6.1,1.0.8.9002,b9c5fcd1,706985,ok,0.885,1.6088,1.582,0.025,0,0,234247544,128,1,10,10,133,1.4435,0.0433,0.0286,1.3654,0.0061,284037120,256679936,3.396,0,FALSE,256679936,244.8
22,gaussian,scale_train_mc,1,FALSE,numeric,gaussian,12,128,25,10,Inf,1000000,1,multisession,1,20000,25,FALSE,FALSE,2,,"",NA,NA,2026-07-07T22:57:44+0200,jullum-ubuntu,4.6.1,1.0.8.9002,b9c5fcd1,767000,ok,0.8891,1.5789,1.545,0.034,0,0,234243736,128,1,10,10,133,1.4158,0.043,0.0283,1.3384,0.0061,283738112,256712704,3.389,0,FALSE,256712704,244.8
23,gaussian,scale_train_mc,2,FALSE,numeric,gaussian,12,128,25,10,Inf,1000000,1,multisession,1,20000,25,FALSE,FALSE,2,,"",NA,NA,2026-07-07T20:28:34+0200,jullum-ubuntu,4.6.1,1.0.8.9002,b9c5fcd1,649300,ok,0.8868,1.5934,1.57,0.023,0,0,234243296,128,1,10,10,133,1.4302,0.0434,0.0285,1.3522,0.0061,284028928,256716800,3.385,0,FALSE,256716800,244.8
24,gaussian,scale_train_mc,3,FALSE,numeric,gaussian,12,128,25,10,Inf,1000000,1,multisession,1,20000,25,FALSE,FALSE,2,,"",NA,NA,2026-07-07T19:25:07+0200,jullum-ubuntu,4.6.1,1.0.8.9002,b9c5fcd1,603528,ok,0.9149,1.6688,1.643,0.025,0,0,234246776,128,1,10,10,133,1.5037,0.0441,0.0302,1.423,0.0064,283934720,256700416,3.498,0,FALSE,256700416,244.8
25,gaussian,scale_train_mc,0,TRUE,numeric,gaussian,12,128,100,10,Inf,1000000,1,multisession,1,250,25,FALSE,FALSE,2,,"",NA,NA,2026-07-07T20:37:16+0200,jullum-ubuntu,4.6.1,1.0.8.9002,b9c5fcd1,661806,ok,0.8909,1.7814,1.744,0.036,0,0,234160232,128,1,10,10,33,1.6199,0.0426,0.0272,1.5442,0.0059,291180544,264159232,3.586,0,FALSE,264159232,251.9
26,gaussian,scale_train_mc,1,FALSE,numeric,gaussian,12,128,100,10,Inf,1000000,1,multisession,1,250,25,FALSE,FALSE,2,,"",NA,NA,2026-07-07T21:56:03+0200,jullum-ubuntu,4.6.1,1.0.8.9002,b9c5fcd1,730287,ok,0.8841,1.7948,1.752,0.042,0,0,234162800,128,1,10,10,33,1.6315,0.0424,0.0273,1.5559,0.006,291655680,264368128,3.592,0,FALSE,264368128,252.1
27,gaussian,scale_train_mc,2,FALSE,numeric,gaussian,12,128,100,10,Inf,1000000,1,multisession,1,250,25,FALSE,FALSE,2,,"",NA,NA,2026-07-07T19:21:36+0200,jullum-ubuntu,4.6.1,1.0.8.9002,b9c5fcd1,594858,ok,0.8898,1.7843,1.744,0.04,0,0,234163976,128,1,10,10,33,1.6209,0.0426,0.0275,1.5445,0.0062,291614720,264753152,3.591,0,FALSE,264753152,252.5
28,gaussian,scale_train_mc,3,FALSE,numeric,gaussian,12,128,100,10,Inf,1000000,1,multisession,1,250,25,FALSE,FALSE,2,,"",NA,NA,2026-07-07T20:39:14+0200,jullum-ubuntu,4.6.1,1.0.8.9002,b9c5fcd1,663885,ok,0.8887,1.776,1.744,0.031,0,0,234161656,128,1,10,10,33,1.6101,0.0426,0.0273,1.5341,0.0061,291176448,264159232,3.571,0,FALSE,264159232,251.9
29,gaussian,scale_train_mc,0,TRUE,numeric,gaussian,12,128,100,10,Inf,1000000,1,multisession,1,1000,25,FALSE,FALSE,2,,"",NA,NA,2026-07-07T21:42:59+0200,jullum-ubuntu,4.6.1,1.0.8.9002,b9c5fcd1,703662,ok,0.8798,1.757,1.717,0.039,0,0,234175424,128,1,10,10,33,1.5929,0.0424,0.0272,1.5173,0.006,291201024,264323072,3.545,0,FALSE,264323072,252.1
30,gaussian,scale_train_mc,1,FALSE,numeric,gaussian,12,128,100,10,Inf,1000000,1,multisession,1,1000,25,FALSE,FALSE,2,,"",NA,NA,2026-07-08T00:10:52+0200,jullum-ubuntu,4.6.1,1.0.8.9002,b9c5fcd1,797169,ok,0.8878,1.7765,1.733,0.041,0,0,234175248,128,1,10,10,33,1.6113,0.0427,0.0274,1.5351,0.0061,291086336,264511488,3.573,0,FALSE,264511488,252.3
31,gaussian,scale_train_mc,2,FALSE,numeric,gaussian,12,128,100,10,Inf,1000000,1,multisession,1,1000,25,FALSE,FALSE,2,,"",NA,NA,2026-07-07T23:03:47+0200,jullum-ubuntu,4.6.1,1.0.8.9002,b9c5fcd1,776251,ok,0.8713,1.7605,1.732,0.027,0,0,234175736,128,1,10,10,33,1.598,0.0419,0.0269,1.5229,0.0063,291160064,264769536,3.544,0,FALSE,264769536,252.5
32,gaussian,scale_train_mc,3,FALSE,numeric,gaussian,12,128,100,10,Inf,1000000,1,multisession,1,1000,25,FALSE,FALSE,2,,"",NA,NA,2026-07-07T21:56:18+0200,jullum-ubuntu,4.6.1,1.0.8.9002,b9c5fcd1,730687,ok,0.8869,1.789,1.75,0.038,0,0,234177232,128,1,10,10,33,1.6236,0.0452,0.0292,1.5429,0.0062,291319808,264257536,3.584,0,FALSE,264257536,252
33,gaussian,scale_train_mc,0,TRUE,numeric,gaussian,12,128,100,10,Inf,1000000,1,multisession,1,2500,25,FALSE,FALSE,2,,"",NA,NA,2026-07-07T23:02:10+0200,jullum-ubuntu,4.6.1,1.0.8.9002,b9c5fcd1,774389,ok,0.8833,1.7978,1.755,0.043,0,0,234248736,128,1,10,10,33,1.6333,0.0425,0.0273,1.5573,0.0062,291184640,261775360,3.601,0,FALSE,261775360,249.6
34,gaussian,scale_train_mc,1,FALSE,numeric,gaussian,12,128,100,10,Inf,1000000,1,multisession,1,2500,25,FALSE,FALSE,2,,"",NA,NA,2026-07-07T23:02:14+0200,jullum-ubuntu,4.6.1,1.0.8.9002,b9c5fcd1,774453,ok,0.8907,1.8024,1.764,0.039,0,0,234249056,128,1,10,10,33,1.6391,0.0428,0.0275,1.5626,0.0062,289886208,261812224,3.586,0,FALSE,261812224,249.7
35,gaussian,scale_train_mc,2,FALSE,numeric,gaussian,12,128,100,10,Inf,1000000,1,multisession,1,2500,25,FALSE,FALSE,2,,"",NA,NA,2026-07-07T23:05:15+0200,jullum-ubuntu,4.6.1,1.0.8.9002,b9c5fcd1,778000,ok,0.8874,1.8049,1.763,0.041,0,0,234249432,128,1,10,10,33,1.6394,0.0427,0.0277,1.5628,0.0062,289210368,261988352,3.638,0,FALSE,261988352,249.9
36,gaussian,scale_train_mc,3,FALSE,numeric,gaussian,12,128,100,10,Inf,1000000,1,multisession,1,2500,25,FALSE,FALSE,2,,"",NA,NA,2026-07-07T23:00:32+0200,jullum-ubuntu,4.6.1,1.0.8.9002,b9c5fcd1,772007,ok,0.8947,1.8041,1.766,0.037,0,0,234249424,128,1,10,10,33,1.6379,0.0433,0.0277,1.5607,0.0061,289148928,261586944,3.633,0,FALSE,261586944,249.5
37,gaussian,scale_train_mc,0,TRUE,numeric,gaussian,12,128,100,10,Inf,1000000,1,multisession,1,5000,25,FALSE,FALSE,2,,"",NA,NA,2026-07-07T19:22:07+0200,jullum-ubuntu,4.6.1,1.0.8.9002,b9c5fcd1,595855,ok,0.9075,1.788,1.744,0.042,0,0,234249880,128,1,10,10,33,1.6258,0.0433,0.0276,1.5489,0.006,287043584,261586944,3.601,0,FALSE,261586944,249.5
38,gaussian,scale_train_mc,1,FALSE,numeric,gaussian,12,128,100,10,Inf,1000000,1,multisession,1,5000,25,FALSE,FALSE,2,,"",NA,NA,2026-07-07T19:26:59+0200,jullum-ubuntu,4.6.1,1.0.8.9002,b9c5fcd1,606926,ok,0.893,1.7957,1.755,0.039,0,0,234249880,128,1,10,10,33,1.6292,0.0428,0.0278,1.5525,0.0061,286863360,261484544,3.586,0,FALSE,261484544,249.4
39,gaussian,scale_train_mc,2,FALSE,numeric,gaussian,12,128,100,10,Inf,1000000,1,multisession,1,5000,25,FALSE,FALSE,2,,"",NA,NA,2026-07-07T21:41:29+0200,jullum-ubuntu,4.6.1,1.0.8.9002,b9c5fcd1,701682,ok,0.8922,1.7901,1.734,0.053,0,0,234250016,128,1,10,10,33,1.6223,0.0427,0.0276,1.5459,0.0062,288989184,261791744,3.592,0,FALSE,261791744,249.7
40,gaussian,scale_train_mc,3,FALSE,numeric,gaussian,12,128,100,10,Inf,1000000,1,multisession,1,5000,25,FALSE,FALSE,2,,"",NA,NA,2026-07-07T21:41:49+0200,jullum-ubuntu,4.6.1,1.0.8.9002,b9c5fcd1,702405,ok,0.8897,1.7983,1.759,0.038,0,0,234249880,128,1,10,10,33,1.6361,0.043,0.0273,1.5596,0.0062,288837632,261795840,3.593,0,FALSE,261795840,249.7
41,gaussian,scale_train_mc,0,TRUE,numeric,gaussian,12,128,100,10,Inf,1000000,1,multisession,1,10000,25,FALSE,FALSE,2,,"",NA,NA,2026-07-07T19:27:30+0200,jullum-ubuntu,4.6.1,1.0.8.9002,b9c5fcd1,608129,ok,0.8904,1.7674,1.721,0.045,0,0,234123512,128,1,10,10,33,1.6037,0.0437,0.029,1.5249,0.006,289546240,264253440,3.577,0,FALSE,264253440,252
42,gaussian,scale_train_mc,1,FALSE,numeric,gaussian,12,128,100,10,Inf,1000000,1,multisession,1,10000,25,FALSE,FALSE,2,,"",NA,NA,2026-07-07T21:52:16+0200,jullum-ubuntu,4.6.1,1.0.8.9002,b9c5fcd1,723322,ok,0.8906,1.763,1.717,0.045,0,0,234125976,128,1,10,10,33,1.5969,0.0427,0.0289,1.5192,0.0062,289411072,263946240,3.573,0,FALSE,263946240,251.7
43,gaussian,scale_train_mc,2,FALSE,numeric,gaussian,12,128,100,10,Inf,1000000,1,multisession,1,10000,25,FALSE,FALSE,2,,"",NA,NA,2026-07-07T22:58:36+0200,jullum-ubuntu,4.6.1,1.0.8.9002,b9c5fcd1,768294,ok,0.8948,1.8053,1.751,0.052,0,0,234124672,128,1,10,10,33,1.6389,0.0428,0.028,1.5621,0.006,289296384,264015872,3.61,0,FALSE,264015872,251.8
44,gaussian,scale_train_mc,3,FALSE,numeric,gaussian,12,128,100,10,Inf,1000000,1,multisession,1,10000,25,FALSE,FALSE,2,,"",NA,NA,2026-07-07T21:55:14+0200,jullum-ubuntu,4.6.1,1.0.8.9002,b9c5fcd1,728344,ok,0.8885,1.7996,1.759,0.039,0,0,234124984,128,1,10,10,33,1.6371,0.0429,0.028,1.5601,0.0061,289447936,263745536,3.619,0,FALSE,263745536,251.5
45,gaussian,scale_train_mc,0,TRUE,numeric,gaussian,12,128,100,10,Inf,1000000,1,multisession,1,20000,25,FALSE,FALSE,2,,"",NA,NA,2026-07-07T20:37:41+0200,jullum-ubuntu,4.6.1,1.0.8.9002,b9c5fcd1,662473,ok,0.8848,1.7711,1.728,0.042,0,0,234249696,128,1,10,10,33,1.6077,0.0432,0.0283,1.5299,0.0062,287129600,264003584,3.57,0,FALSE,264003584,251.8
46,gaussian,scale_train_mc,1,FALSE,numeric,gaussian,12,128,100,10,Inf,1000000,1,multisession,1,20000,25,FALSE,FALSE,2,,"",NA,NA,2026-07-08T00:10:16+0200,jullum-ubuntu,4.6.1,1.0.8.9002,b9c5fcd1,795281,ok,0.887,1.7651,1.714,0.049,0,0,234249392,128,1,10,10,33,1.6007,0.0428,0.0282,1.5235,0.0062,288669696,263774208,3.566,0,FALSE,263774208,251.6
47,gaussian,scale_train_mc,2,FALSE,numeric,gaussian,12,128,100,10,Inf,1000000,1,multisession,1,20000,25,FALSE,FALSE,2,,"",NA,NA,2026-07-07T20:41:03+0200,jullum-ubuntu,4.6.1,1.0.8.9002,b9c5fcd1,666578,ok,0.9036,1.7646,1.726,0.037,0,0,234249768,128,1,10,10,33,1.6001,0.0431,0.0288,1.5222,0.006,288542720,263155712,3.575,0,FALSE,263155712,251
48,gaussian,scale_train_mc,3,FALSE,numeric,gaussian,12,128,100,10,Inf,1000000,1,multisession,1,20000,25,FALSE,FALSE,2,,"",NA,NA,2026-07-07T23:01:23+0200,jullum-ubuntu,4.6.1,1.0.8.9002,b9c5fcd1,773483,ok,0.8739,1.7601,1.722,0.037,0,0,234249824,128,1,10,10,33,1.5992,0.0434,0.0295,1.5204,0.006,285556736,264019968,3.524,0,FALSE,264019968,251.8
49,gaussian,scale_train_mc,0,TRUE,numeric,gaussian,12,128,250,10,Inf,1000000,1,multisession,1,250,25,FALSE,FALSE,2,,"",NA,NA,2026-07-07T19:24:26+0200,jullum-ubuntu,4.6.1,1.0.8.9002,b9c5fcd1,602566,ok,0.9032,2.2887,2.22,0.066,0,0,248760192,128,1,10,10,13,2.1225,0.0426,0.0274,2.0461,0.0064,313389056,287526912,4.112,0,FALSE,287526912,274.2
50,gaussian,scale_train_mc,1,FALSE,numeric,gaussian,12,128,250,10,Inf,1000000,1,multisession,1,250,25,FALSE,FALSE,2,,"",NA,NA,2026-07-07T19:24:31+0200,jullum-ubuntu,4.6.1,1.0.8.9002,b9c5fcd1,602658,ok,0.8909,2.4054,2.326,0.073,0,0,248760040,128,1,10,10,13,2.2411,0.0441,0.0281,2.1627,0.0062,312819712,287633408,4.209,0,FALSE,287633408,274.3
51,gaussian,scale_train_mc,2,FALSE,numeric,gaussian,12,128,250,10,Inf,1000000,1,multisession,1,250,25,FALSE,FALSE,2,,"",NA,NA,2026-07-07T21:43:03+0200,jullum-ubuntu,4.6.1,1.0.8.9002,b9c5fcd1,703814,ok,0.8855,2.399,2.329,0.068,0,0,248760000,128,1,10,10,13,2.2374,0.0449,0.0277,2.1589,0.006,313036800,287932416,4.195,0,FALSE,287932416,274.6
52,gaussian,scale_train_mc,3,FALSE,numeric,gaussian,12,128,250,10,Inf,1000000,1,multisession,1,250,25,FALSE,FALSE,2,,"",NA,NA,2026-07-07T19:24:02+0200,jullum-ubuntu,4.6.1,1.0.8.9002,b9c5fcd1,602014,ok,0.9008,2.2915,2.231,0.06,0,0,248759952,128,1,10,10,13,2.1189,0.0431,0.0276,2.0418,0.0063,313262080,287551488,4.12,0,FALSE,287551488,274.2
53,gaussian,scale_train_mc,0,TRUE,numeric,gaussian,12,128,250,10,Inf,1000000,1,multisession,1,1000,25,FALSE,FALSE,2,,"",NA,NA,2026-07-07T20:38:47+0200,jullum-ubuntu,4.6.1,1.0.8.9002,b9c5fcd1,663388,ok,0.916,2.3188,2.258,0.06,0,0,248906256,128,1,10,10,13,2.1526,0.0426,0.0275,2.0763,0.0062,311250944,285544448,4.164,0,FALSE,285544448,272.3
54,gaussian,scale_train_mc,1,FALSE,numeric,gaussian,12,128,250,10,Inf,1000000,1,multisession,1,1000,25,FALSE,FALSE,2,,"",NA,NA,2026-07-08T00:11:54+0200,jullum-ubuntu,4.6.1,1.0.8.9002,b9c5fcd1,797445,ok,0.8835,2.2861,2.224,0.061,0,0,248906432,128,1,10,10,13,2.1269,0.0427,0.0273,2.0507,0.0062,311488512,285941760,4.083,0,FALSE,285941760,272.7
55,gaussian,scale_train_mc,2,FALSE,numeric,gaussian,12,128,250,10,Inf,1000000,1,multisession,1,1000,25,FALSE,FALSE,2,,"",NA,NA,2026-07-07T23:05:19+0200,jullum-ubuntu,4.6.1,1.0.8.9002,b9c5fcd1,778056,ok,0.8866,2.3021,2.243,0.058,0,0,248910144,128,1,10,10,13,2.1377,0.0426,0.0273,2.0617,0.0061,311214080,286355456,4.123,0,FALSE,286355456,273.1
56,gaussian,scale_train_mc,3,FALSE,numeric,gaussian,12,128,250,10,Inf,1000000,1,multisession,1,1000,25,FALSE,FALSE,2,,"",NA,NA,2026-07-07T20:39:22+0200,jullum-ubuntu,4.6.1,1.0.8.9002,b9c5fcd1,664249,ok,0.8904,2.3356,2.267,0.067,0,0,248908280,128,1,10,10,13,2.168,0.0436,0.0276,2.0906,0.0062,312397824,287043584,4.145,0,FALSE,287043584,273.7
57,gaussian,scale_train_mc,0,TRUE,numeric,gaussian,12,128,250,10,Inf,1000000,1,multisession,1,2500,25,FALSE,FALSE,2,,"",NA,NA,2026-07-07T21:55:52+0200,jullum-ubuntu,4.6.1,1.0.8.9002,b9c5fcd1,729086,ok,0.8808,2.3758,2.309,0.065,0,0,248380336,128,1,10,10,13,2.2146,0.0433,0.0282,2.1324,0.0107,317784064,292741120,4.172,0,FALSE,292741120,279.2
58,gaussian,scale_train_mc,1,FALSE,numeric,gaussian,12,128,250,10,Inf,1000000,1,multisession,1,2500,25,FALSE,FALSE,2,,"",NA,NA,2026-07-07T21:42:35+0200,jullum-ubuntu,4.6.1,1.0.8.9002,b9c5fcd1,703101,ok,0.892,2.4273,2.366,0.06,0,0,248375776,128,1,10,10,13,2.2621,0.0432,0.0277,2.1847,0.0065,317526016,292069376,4.244,0,FALSE,292069376,278.5
59,gaussian,scale_train_mc,2,FALSE,numeric,gaussian,12,128,250,10,Inf,1000000,1,multisession,1,2500,25,FALSE,FALSE,2,,"",NA,NA,2026-07-07T19:21:49+0200,jullum-ubuntu,4.6.1,1.0.8.9002,b9c5fcd1,595057,ok,0.8948,2.4632,2.391,0.071,0,0,248381304,128,1,10,10,13,2.2985,0.0429,0.0275,2.2219,0.0061,317669376,292118528,4.273,0,FALSE,292118528,278.6
60,gaussian,scale_train_mc,3,FALSE,numeric,gaussian,12,128,250,10,Inf,1000000,1,multisession,1,2500,25,FALSE,FALSE,2,,"",NA,NA,2026-07-07T21:42:40+0200,jullum-ubuntu,4.6.1,1.0.8.9002,b9c5fcd1,703213,ok,0.8948,2.4163,2.34,0.075,0,0,248373024,128,1,10,10,13,2.2551,0.0425,0.0277,2.1789,0.006,317706240,292364288,4.243,0,FALSE,292364288,278.8
61,gaussian,scale_train_mc,0,TRUE,numeric,gaussian,12,128,250,10,Inf,1000000,1,multisession,1,5000,25,FALSE,FALSE,2,,"",NA,NA,2026-07-07T21:51:58+0200,jullum-ubuntu,4.6.1,1.0.8.9002,b9c5fcd1,722995,ok,0.8908,2.3654,2.293,0.071,0,0,248311640,128,1,10,10,13,2.2074,0.0424,0.0274,2.1315,0.0061,313663488,288436224,4.166,0,FALSE,288436224,275.1
62,gaussian,scale_train_mc,1,FALSE,numeric,gaussian,12,128,250,10,Inf,1000000,1,multisession,1,5000,25,FALSE,FALSE,2,,"",NA,NA,2026-07-07T23:00:13+0200,jullum-ubuntu,4.6.1,1.0.8.9002,b9c5fcd1,771661,ok,0.8837,2.36,2.293,0.066,0,0,248293624,128,1,10,10,13,2.1944,0.0435,0.0277,2.1171,0.0061,313401344,288018432,4.177,0,FALSE,288018432,274.7
63,gaussian,scale_train_mc,2,FALSE,numeric,gaussian,12,128,250,10,Inf,1000000,1,multisession,1,5000,25,FALSE,FALSE,2,,"",NA,NA,2026-07-07T19:22:18+0200,jullum-ubuntu,4.6.1,1.0.8.9002,b9c5fcd1,596477,ok,0.891,2.4198,2.344,0.071,0,0,248311608,128,1,10,10,13,2.2556,0.0427,0.0277,2.179,0.0063,313667584,288575488,4.219,0,FALSE,288575488,275.2
64,gaussian,scale_train_mc,3,FALSE,numeric,gaussian,12,128,250,10,Inf,1000000,1,multisession,1,5000,25,FALSE,FALSE,2,,"",NA,NA,2026-07-07T21:45:45+0200,jullum-ubuntu,4.6.1,1.0.8.9002,b9c5fcd1,708565,ok,0.8942,2.3906,2.316,0.073,0,0,248311624,128,1,10,10,13,2.226,0.0429,0.0277,2.1492,0.0062,313524224,288260096,4.22,0,FALSE,288260096,274.9
65,gaussian,scale_train_mc,0,TRUE,numeric,gaussian,12,128,250,10,Inf,1000000,1,multisession,1,10000,25,FALSE,FALSE,2,,"",NA,NA,2026-07-07T21:47:23+0200,jullum-ubuntu,4.6.1,1.0.8.9002,b9c5fcd1,713710,ok,0.8791,2.4,2.31,0.085,0,0,248207224,128,1,10,10,13,2.2383,0.045,0.0282,2.159,0.0062,319873024,297103360,4.187,0,FALSE,297103360,283.3
66,gaussian,scale_train_mc,1,FALSE,numeric,gaussian,12,128,250,10,Inf,1000000,1,multisession,1,10000,25,FALSE,FALSE,2,,"",NA,NA,2026-07-07T21:56:39+0200,jullum-ubuntu,4.6.1,1.0.8.9002,b9c5fcd1,731202,ok,0.8937,2.416,2.333,0.082,0,0,248210720,128,1,10,10,13,2.2533,0.0427,0.0278,2.1767,0.0061,314085376,296304640,4.218,0,FALSE,296304640,282.6
67,gaussian,scale_train_mc,2,FALSE,numeric,gaussian,12,128,250,10,Inf,1000000,1,multisession,1,10000,25,FALSE,FALSE,2,,"",NA,NA,2026-07-07T21:41:57+0200,jullum-ubuntu,4.6.1,1.0.8.9002,b9c5fcd1,702513,ok,0.8855,2.4327,2.351,0.081,0,0,248207216,128,1,10,10,13,2.2711,0.0429,0.0279,2.1942,0.0061,313999360,296853504,4.217,0,FALSE,296853504,283.1
68,gaussian,scale_train_mc,3,FALSE,numeric,gaussian,12,128,250,10,Inf,1000000,1,multisession,1,10000,25,FALSE,FALSE,2,,"",NA,NA,2026-07-07T20:37:36+0200,jullum-ubuntu,4.6.1,1.0.8.9002,b9c5fcd1,662360,ok,0.8871,2.4217,2.335,0.084,0,0,248207304,128,1,10,10,13,2.2596,0.0429,0.0281,2.1826,0.006,315834368,296624128,4.205,0,FALSE,296624128,282.9
69,gaussian,scale_train_mc,0,TRUE,numeric,gaussian,12,128,250,10,Inf,1000000,1,multisession,1,20000,25,FALSE,FALSE,2,,"",NA,NA,2026-07-07T23:05:40+0200,jullum-ubuntu,4.6.1,1.0.8.9002,b9c5fcd1,778524,ok,0.8899,2.4075,2.347,0.059,0,0,248397600,128,1,10,10,13,2.2425,0.0431,0.0284,2.1648,0.0062,314707968,287629312,4.213,0,FALSE,287629312,274.3
70,gaussian,scale_train_mc,1,FALSE,numeric,gaussian,12,128,250,10,Inf,1000000,1,multisession,1,20000,25,FALSE,FALSE,2,,"",NA,NA,2026-07-07T21:50:44+0200,jullum-ubuntu,4.6.1,1.0.8.9002,b9c5fcd1,721440,ok,0.8928,2.4202,2.37,0.049,0,0,248393712,128,1,10,10,13,2.2593,0.045,0.0293,2.1787,0.0063,314691584,287408128,4.252,0,FALSE,287408128,274.1
71,gaussian,scale_train_mc,2,FALSE,numeric,gaussian,12,128,250,10,Inf,1000000,1,multisession,1,20000,25,FALSE,FALSE,2,,"",NA,NA,2026-07-07T20:31:13+0200,jullum-ubuntu,4.6.1,1.0.8.9002,b9c5fcd1,654301,ok,0.8885,2.4042,2.34,0.063,0,0,248394224,128,1,10,10,13,2.2416,0.0427,0.028,2.1646,0.0063,314761216,287481856,4.221,0,FALSE,287481856,274.2
72,gaussian,scale_train_mc,3,FALSE,numeric,gaussian,12,128,250,10,Inf,1000000,1,multisession,1,20000,25,FALSE,FALSE,2,,"",NA,NA,2026-07-07T23:03:26+0200,jullum-ubuntu,4.6.1,1.0.8.9002,b9c5fcd1,775697,ok,0.8816,2.3891,2.332,0.055,0,0,248398416,128,1,10,10,13,2.2245,0.0428,0.0285,2.1466,0.0066,314724352,287576064,4.188,0,FALSE,287576064,274.3
73,gaussian,scale_train_mc,0,TRUE,numeric,gaussian,12,128,500,10,Inf,1000000,1,multisession,1,250,25,FALSE,FALSE,2,,"",NA,NA,2026-07-07T21:49:35+0200,jullum-ubuntu,4.6.1,1.0.8.9002,b9c5fcd1,720172,ok,0.8969,3.1223,3.01,0.107,0,0,248104104,128,1,22,22,6,2.9571,0.0445,0.0278,2.8785,0.0063,322850816,297512960,4.946,0,FALSE,297512960,283.7
74,gaussian,scale_train_mc,1,FALSE,numeric,gaussian,12,128,500,10,Inf,1000000,1,multisession,1,250,25,FALSE,FALSE,2,,"",NA,NA,2026-07-07T20:33:00+0200,jullum-ubuntu,4.6.1,1.0.8.9002,b9c5fcd1,655843,ok,0.885,3.1829,3.063,0.119,0,0,248104152,128,1,22,22,6,3.0247,0.0431,0.0273,2.9427,0.0115,322846720,297050112,4.984,0,FALSE,297050112,283.3
75,gaussian,scale_train_mc,2,FALSE,numeric,gaussian,12,128,500,10,Inf,1000000,1,multisession,1,250,25,FALSE,FALSE,2,,"",NA,NA,2026-07-08T00:08:17+0200,jullum-ubuntu,4.6.1,1.0.8.9002,b9c5fcd1,789613,ok,0.882,3.137,3.04,0.094,0,0,248310248,128,1,22,22,6,2.9734,0.0428,0.0275,2.897,0.0062,316252160,291631104,4.954,0,FALSE,291631104,278.1
76,gaussian,scale_train_mc,3,FALSE,numeric,gaussian,12,128,500,10,Inf,1000000,1,multisession,1,250,25,FALSE,FALSE,2,,"",NA,NA,2026-07-07T23:03:21+0200,jullum-ubuntu,4.6.1,1.0.8.9002,b9c5fcd1,775641,ok,0.8888,3.1413,3.039,0.1,0,0,248310112,128,1,22,22,6,2.9773,0.0429,0.0275,2.9007,0.0062,322834432,297418752,4.95,0,FALSE,297418752,283.6
77,gaussian,scale_train_mc,0,TRUE,numeric,gaussian,12,128,500,10,Inf,1000000,1,multisession,1,1000,25,FALSE,FALSE,2,,"",NA,NA,2026-07-07T21:47:07+0200,jullum-ubuntu,4.6.1,1.0.8.9002,b9c5fcd1,713058,ok,0.891,3.0573,2.937,0.119,0,0,248311456,128,1,22,22,6,2.8908,0.0479,0.0278,2.8089,0.0062,315801600,290611200,4.875,0,FALSE,290611200,277.1
78,gaussian,scale_train_mc,1,FALSE,numeric,gaussian,12,128,500,10,Inf,1000000,1,multisession,1,1000,25,FALSE,FALSE,2,,"",NA,NA,2026-07-07T20:34:45+0200,jullum-ubuntu,4.6.1,1.0.8.9002,b9c5fcd1,659499,ok,0.8929,3.036,2.917,0.118,0,0,248311032,128,1,22,22,6,2.8709,0.0451,0.0279,2.7919,0.0061,310013952,290226176,4.861,0,FALSE,290226176,276.8
79,gaussian,scale_train_mc,2,FALSE,numeric,gaussian,12,128,500,10,Inf,1000000,1,multisession,1,1000,25,FALSE,FALSE,2,,"",NA,NA,2026-07-07T23:01:15+0200,jullum-ubuntu,4.6.1,1.0.8.9002,b9c5fcd1,773383,ok,0.8836,3.0089,2.888,0.118,0,0,248311440,128,1,22,22,6,2.8446,0.0425,0.0276,2.7683,0.0062,309760000,290451456,4.822,0,FALSE,290451456,277
80,gaussian,scale_train_mc,3,FALSE,numeric,gaussian,12,128,500,10,Inf,1000000,1,multisession,1,1000,25,FALSE,FALSE,2,,"",NA,NA,2026-07-08T00:07:16+0200,jullum-ubuntu,4.6.1,1.0.8.9002,b9c5fcd1,788288,ok,0.8831,3.0547,2.941,0.111,0,0,248311648,128,1,22,22,6,2.8971,0.0423,0.0274,2.8209,0.0064,314146816,290947072,4.838,0,FALSE,290947072,277.5
81,gaussian,scale_train_mc,0,TRUE,numeric,gaussian,12,128,500,10,Inf,1000000,1,multisession,1,2500,25,FALSE,FALSE,2,,"",NA,NA,2026-07-07T19:26:44+0200,jullum-ubuntu,4.6.1,1.0.8.9002,b9c5fcd1,606689,ok,0.898,3.0777,2.953,0.123,0,0,248308688,128,1,22,22,6,2.9133,0.0428,0.0283,2.8359,0.0062,316317696,290734080,4.892,0,FALSE,290734080,277.3
82,gaussian,scale_train_mc,1,FALSE,numeric,gaussian,12,128,500,10,Inf,1000000,1,multisession,1,2500,25,FALSE,FALSE,2,,"",NA,NA,2026-07-07T21:56:30+0200,jullum-ubuntu,4.6.1,1.0.8.9002,b9c5fcd1,731032,ok,0.8994,3.0653,2.933,0.13,0,0,248305080,128,1,22,22,6,2.8988,0.0433,0.0283,2.8209,0.0062,310571008,290697216,4.877,0,FALSE,290697216,277.2
83,gaussian,scale_train_mc,2,FALSE,numeric,gaussian,12,128,500,10,Inf,1000000,1,multisession,1,2500,25,FALSE,FALSE,2,,"",NA,NA,2026-07-07T23:05:35+0200,jullum-ubuntu,4.6.1,1.0.8.9002,b9c5fcd1,778218,ok,0.887,3.1043,2.966,0.137,0,0,248308568,128,1,22,22,6,2.9384,0.0429,0.0278,2.8615,0.0061,316567552,290955264,4.916,0,FALSE,290955264,277.5
84,gaussian,scale_train_mc,3,FALSE,numeric,gaussian,12,128,500,10,Inf,1000000,1,multisession,1,2500,25,FALSE,FALSE,2,,"",NA,NA,2026-07-07T23:02:22+0200,jullum-ubuntu,4.6.1,1.0.8.9002,b9c5fcd1,774574,ok,0.8795,3.0448,2.923,0.12,0,0,248311648,128,1,22,22,6,2.8784,0.0428,0.0274,2.8019,0.0063,310370304,291598336,4.834,0,FALSE,291598336,278.1
85,gaussian,scale_train_mc,0,TRUE,numeric,gaussian,12,128,500,10,Inf,1000000,1,multisession,1,5000,25,FALSE,FALSE,2,,"",NA,NA,2026-07-08T00:10:20+0200,jullum-ubuntu,4.6.1,1.0.8.9002,b9c5fcd1,795320,ok,0.8877,3.1386,3.037,0.099,0,0,248311648,128,1,22,22,6,2.9753,0.0428,0.0278,2.8987,0.0061,320073728,295014400,4.952,0,FALSE,295014400,281.3
86,gaussian,scale_train_mc,1,FALSE,numeric,gaussian,12,128,500,10,Inf,1000000,1,multisession,1,5000,25,FALSE,FALSE,2,,"",NA,NA,2026-07-07T23:02:28+0200,jullum-ubuntu,4.6.1,1.0.8.9002,b9c5fcd1,774628,ok,0.885,3.1211,3.028,0.091,0,0,248311648,128,1,22,22,6,2.9585,0.0431,0.028,2.8814,0.006,319979520,294387712,4.924,0,FALSE,294387712,280.8
87,gaussian,scale_train_mc,2,FALSE,numeric,gaussian,12,128,500,10,Inf,1000000,1,multisession,1,5000,25,FALSE,FALSE,2,,"",NA,NA,2026-07-07T20:27:46+0200,jullum-ubuntu,4.6.1,1.0.8.9002,b9c5fcd1,648163,ok,0.8987,3.1444,3.049,0.094,0,0,248305104,128,1,22,22,6,2.9785,0.0429,0.0276,2.9019,0.0061,319721472,294895616,4.965,0,FALSE,294895616,281.2
88,gaussian,scale_train_mc,3,FALSE,numeric,gaussian,12,128,500,10,Inf,1000000,1,multisession,1,5000,25,FALSE,FALSE,2,,"",NA,NA,2026-07-07T19:22:50+0200,jullum-ubuntu,4.6.1,1.0.8.9002,b9c5fcd1,598556,ok,0.8996,3.1033,3.004,0.098,0,0,248305304,128,1,22,22,6,2.9411,0.0427,0.0276,2.8647,0.0061,319926272,294486016,4.948,0,FALSE,294486016,280.8
89,gaussian,scale_train_mc,0,TRUE,numeric,gaussian,12,128,500,10,Inf,1000000,1,multisession,1,10000,25,FALSE,FALSE,2,,"",NA,NA,2026-07-07T21:49:02+0200,jullum-ubuntu,4.6.1,1.0.8.9002,b9c5fcd1,718875,ok,0.8903,3.07,2.937,0.128,0,0,248309480,128,1,22,22,6,2.9033,0.0438,0.028,2.8251,0.0063,318398464,292978688,4.879,0,FALSE,292978688,279.4
90,gaussian,scale_train_mc,1,FALSE,numeric,gaussian,12,128,500,10,Inf,1000000,1,multisession,1,10000,25,FALSE,FALSE,2,,"",NA,NA,2026-07-07T20:36:37+0200,jullum-ubuntu,4.6.1,1.0.8.9002,b9c5fcd1,661383,ok,0.8977,3.0635,2.933,0.129,0,0,248311384,128,1,22,22,6,2.8965,0.043,0.0283,2.8191,0.0061,318357504,293761024,4.892,0,FALSE,293761024,280.2
91,gaussian,scale_train_mc,2,FALSE,numeric,gaussian,12,128,500,10,Inf,1000000,1,multisession,1,10000,25,FALSE,FALSE,2,,"",NA,NA,2026-07-07T21:53:35+0200,jullum-ubuntu,4.6.1,1.0.8.9002,b9c5fcd1,725512,ok,0.8979,3.0453,2.914,0.131,0,0,248311632,128,1,22,22,6,2.8808,0.0428,0.0281,2.8038,0.0062,318562304,293212160,4.864,0,FALSE,293212160,279.6
92,gaussian,scale_train_mc,3,FALSE,numeric,gaussian,12,128,500,10,Inf,1000000,1,multisession,1,10000,25,FALSE,FALSE,2,,"",NA,NA,2026-07-07T23:05:46+0200,jullum-ubuntu,4.6.1,1.0.8.9002,b9c5fcd1,778590,ok,0.8912,3.0563,2.93,0.125,0,0,248309456,128,1,22,22,6,2.8862,0.0449,0.0287,2.8065,0.0061,318615552,292782080,4.917,0,FALSE,292782080,279.2
93,gaussian,scale_train_mc,0,TRUE,numeric,gaussian,12,128,500,10,Inf,1000000,1,multisession,1,20000,25,FALSE,FALSE,2,,"",NA,NA,2026-07-07T23:03:41+0200,jullum-ubuntu,4.6.1,1.0.8.9002,b9c5fcd1,776170,ok,0.885,3.0993,2.984,0.113,0,0,248311632,128,1,22,22,6,2.9392,0.0424,0.0282,2.8626,0.006,318001152,292478976,4.904,0,FALSE,292478976,278.9
94,gaussian,scale_train_mc,1,FALSE,numeric,gaussian,12,128,500,10,Inf,1000000,1,multisession,1,20000,25,FALSE,FALSE,2,,"",NA,NA,2026-07-07T21:55:22+0200,jullum-ubuntu,4.6.1,1.0.8.9002,b9c5fcd1,728457,ok,0.8985,3.1875,3.06,0.127,0,0,248311616,128,1,22,22,6,3.0213,0.0435,0.0291,2.9425,0.0062,318099456,292458496,5.021,0,FALSE,292458496,278.9
95,gaussian,scale_train_mc,2,FALSE,numeric,gaussian,12,128,500,10,Inf,1000000,1,multisession,1,20000,25,FALSE,FALSE,2,,"",NA,NA,2026-07-07T20:40:19+0200,jullum-ubuntu,4.6.1,1.0.8.9002,b9c5fcd1,666101,ok,0.8996,3.1736,3.05,0.123,0,0,248294688,128,1,22,22,6,3.0075,0.0434,0.0286,2.9294,0.0061,317861888,292589568,4.997,0,FALSE,292589568,279
96,gaussian,scale_train_mc,3,FALSE,numeric,gaussian,12,128,500,10,Inf,1000000,1,multisession,1,20000,25,FALSE,FALSE,2,,"",NA,NA,2026-07-07T20:31:01+0200,jullum-ubuntu,4.6.1,1.0.8.9002,b9c5fcd1,652303,ok,0.8876,3.1062,2.971,0.134,0,0,248297544,128,1,22,22,6,2.9449,0.0433,0.0288,2.8611,0.0117,317988864,292536320,4.937,0,FALSE,292536320,279
97,gaussian,scale_train_mc,0,TRUE,numeric,gaussian,12,128,1000,10,Inf,1000000,1,multisession,1,250,25,FALSE,FALSE,2,,"",NA,NA,2026-07-08T00:10:56+0200,jullum-ubuntu,4.6.1,1.0.8.9002,b9c5fcd1,797208,ok,0.882,4.8972,4.729,0.165,0,0,248851184,128,1,43,43,3,4.7349,0.0426,0.0274,4.6588,0.0061,322228224,297656320,6.7,0,FALSE,297656320,283.9
98,gaussian,scale_train_mc,1,FALSE,numeric,gaussian,12,128,1000,10,Inf,1000000,1,multisession,1,250,25,FALSE,FALSE,2,,"",NA,NA,2026-07-07T21:46:10+0200,jullum-ubuntu,4.6.1,1.0.8.9002,b9c5fcd1,709141,ok,0.8877,4.8646,4.689,0.174,0,0,248892760,128,1,43,43,3,4.7011,0.0431,0.0273,4.6245,0.0062,322478080,296595456,6.656,0,FALSE,296595456,282.9
99,gaussian,scale_train_mc,2,FALSE,numeric,gaussian,12,128,1000,10,Inf,1000000,1,multisession,1,250,25,FALSE,FALSE,2,,"",NA,NA,2026-07-07T21:56:44+0200,jullum-ubuntu,4.6.1,1.0.8.9002,b9c5fcd1,731256,ok,0.8789,4.8463,4.653,0.192,0,0,248835024,128,1,43,43,3,4.6829,0.0444,0.0288,4.6037,0.006,322449408,296812544,6.647,0,FALSE,296812544,283.1
100,gaussian,scale_train_mc,3,FALSE,numeric,gaussian,12,128,1000,10,Inf,1000000,1,multisession,1,250,25,FALSE,FALSE,2,,"",NA,NA,2026-07-07T21:44:56+0200,jullum-ubuntu,4.6.1,1.0.8.9002,b9c5fcd1,708122,ok,0.8871,4.8978,4.699,0.197,0,0,248831264,128,1,43,43,3,4.7389,0.0425,0.0274,4.6627,0.0063,322142208,297476096,6.709,0,FALSE,297476096,283.7
101,gaussian,scale_train_mc,0,TRUE,numeric,gaussian,12,128,1000,10,Inf,1000000,1,multisession,1,1000,25,FALSE,FALSE,2,,"",NA,NA,2026-07-07T23:05:24+0200,jullum-ubuntu,4.6.1,1.0.8.9002,b9c5fcd1,778110,ok,0.8813,4.7397,4.578,0.16,0,0,248567536,128,1,43,43,3,4.5746,0.0424,0.0275,4.4985,0.0062,320053248,294875136,6.548,0,FALSE,294875136,281.2
102,gaussian,scale_train_mc,1,FALSE,numeric,gaussian,12,128,1000,10,Inf,1000000,1,multisession,1,1000,25,FALSE,FALSE,2,,"",NA,NA,2026-07-08T00:11:13+0200,jullum-ubuntu,4.6.1,1.0.8.9002,b9c5fcd1,797328,ok,0.8863,4.7278,4.58,0.146,0,0,248571208,128,1,43,43,3,4.5626,0.043,0.0275,4.4858,0.0062,319647744,295129088,6.523,0,FALSE,295129088,281.5
103,gaussian,scale_train_mc,2,FALSE,numeric,gaussian,12,128,1000,10,Inf,1000000,1,multisession,1,1000,25,FALSE,FALSE,2,,"",NA,NA,2026-07-08T00:08:10+0200,jullum-ubuntu,4.6.1,1.0.8.9002,b9c5fcd1,789574,ok,0.8915,4.793,4.642,0.145,0,0,248567432,128,1,43,43,3,4.627,0.0429,0.0275,4.5504,0.0062,319758336,295260160,6.607,0,FALSE,295260160,281.6
104,gaussian,scale_train_mc,3,FALSE,numeric,gaussian,12,128,1000,10,Inf,1000000,1,multisession,1,1000,25,FALSE,FALSE,2,,"",NA,NA,2026-07-07T20:27:52+0200,jullum-ubuntu,4.6.1,1.0.8.9002,b9c5fcd1,648217,ok,0.8864,4.7206,4.558,0.161,0,0,248571136,128,1,43,43,3,4.5542,0.0429,0.0274,4.4778,0.0061,319991808,294592512,6.532,0,FALSE,294592512,280.9
105,gaussian,scale_train_mc,0,TRUE,numeric,gaussian,12,128,1000,10,Inf,1000000,1,multisession,1,2500,25,FALSE,FALSE,2,,"",NA,NA,2026-07-07T23:04:35+0200,jullum-ubuntu,4.6.1,1.0.8.9002,b9c5fcd1,776899,ok,0.8967,4.7826,4.619,0.162,0,0,249132280,128,1,43,43,3,4.6134,0.0459,0.0297,4.5318,0.0061,318742528,293171200,6.599,0,FALSE,293171200,279.6
106,gaussian,scale_train_mc,1,FALSE,numeric,gaussian,12,128,1000,10,Inf,1000000,1,multisession,1,2500,25,FALSE,FALSE,2,,"",NA,NA,2026-07-07T21:43:27+0200,jullum-ubuntu,4.6.1,1.0.8.9002,b9c5fcd1,706798,ok,0.8922,4.8713,4.696,0.172,0,0,249132304,128,1,43,43,3,4.706,0.0428,0.0277,4.6294,0.0061,318656512,292921344,6.691,0,FALSE,292921344,279.4
107,gaussian,scale_train_mc,2,FALSE,numeric,gaussian,12,128,1000,10,Inf,1000000,1,multisession,1,2500,25,FALSE,FALSE,2,,"",NA,NA,2026-07-07T19:24:53+0200,jullum-ubuntu,4.6.1,1.0.8.9002,b9c5fcd1,603205,ok,0.8941,4.8711,4.714,0.155,0,0,249132160,128,1,43,43,3,4.7022,0.0432,0.0283,4.6244,0.0062,318763008,293482496,6.708,0,FALSE,293482496,279.9
108,gaussian,scale_train_mc,3,FALSE,numeric,gaussian,12,128,1000,10,Inf,1000000,1,multisession,1,2500,25,FALSE,FALSE,2,,"",NA,NA,2026-07-07T22:58:51+0200,jullum-ubuntu,4.6.1,1.0.8.9002,b9c5fcd1,768491,ok,0.8871,4.8175,4.663,0.152,0,0,249128616,128,1,43,43,3,4.6571,0.0433,0.0279,4.5794,0.0064,318681088,293318656,6.629,0,FALSE,293318656,279.7
109,gaussian,scale_train_mc,0,TRUE,numeric,gaussian,12,128,1000,10,Inf,1000000,1,multisession,1,5000,25,FALSE,FALSE,2,,"",NA,NA,2026-07-07T21:55:31+0200,jullum-ubuntu,4.6.1,1.0.8.9002,b9c5fcd1,728817,ok,0.8822,4.6634,4.452,0.212,0,0,248311632,128,1,43,43,3,4.5059,0.043,0.0276,4.4286,0.0067,317915136,292519936,6.462,0,FALSE,292519936,279
110,gaussian,scale_train_mc,1,FALSE,numeric,gaussian,12,128,1000,10,Inf,1000000,1,multisession,1,5000,25,FALSE,FALSE,2,,"",NA,NA,2026-07-07T20:34:50+0200,jullum-ubuntu,4.6.1,1.0.8.9002,b9c5fcd1,659639,ok,0.8947,4.748,4.522,0.225,0,0,248311704,128,1,43,43,3,4.5821,0.0439,0.0294,4.5024,0.0064,317902848,292540416,6.572,0,FALSE,292540416,279
111,gaussian,scale_train_mc,2,FALSE,numeric,gaussian,12,128,1000,10,Inf,1000000,1,multisession,1,5000,25,FALSE,FALSE,2,,"",NA,NA,2026-07-07T23:04:45+0200,jullum-ubuntu,4.6.1,1.0.8.9002,b9c5fcd1,777292,ok,0.9094,4.6882,4.498,0.188,0,0,248305848,128,1,43,43,3,4.523,0.0426,0.0276,4.4467,0.0061,317763584,292466688,6.519,0,FALSE,292466688,278.9
112,gaussian,scale_train_mc,3,FALSE,numeric,gaussian,12,128,1000,10,Inf,1000000,1,multisession,1,5000,25,FALSE,FALSE,2,,"",NA,NA,2026-07-07T23:01:27+0200,jullum-ubuntu,4.6.1,1.0.8.9002,b9c5fcd1,773537,ok,0.8869,4.7384,4.516,0.219,0,0,248310576,128,1,43,43,3,4.573,0.0424,0.0274,4.4963,0.0069,317685760,292388864,6.525,0,FALSE,292388864,278.8
113,gaussian,scale_train_mc,0,TRUE,numeric,gaussian,12,128,1000,10,Inf,1000000,1,multisession,1,10000,25,FALSE,FALSE,2,,"",NA,NA,2026-07-07T22:58:28+0200,jullum-ubuntu,4.6.1,1.0.8.9002,b9c5fcd1,767985,ok,0.8888,4.987,4.824,0.162,0,0,248653840,128,1,43,43,3,4.8224,0.0428,0.0281,4.7453,0.0062,318574592,291930112,6.779,0,FALSE,291930112,278.4
114,gaussian,scale_train_mc,1,FALSE,numeric,gaussian,12,128,1000,10,Inf,1000000,1,multisession,1,10000,25,FALSE,FALSE,2,,"",NA,NA,2026-07-07T19:24:35+0200,jullum-ubuntu,4.6.1,1.0.8.9002,b9c5fcd1,602733,ok,0.9025,5.0932,4.887,0.205,0,0,248654168,128,1,43,43,3,4.9227,0.0465,0.0301,4.8399,0.0061,318607360,292245504,6.919,0,FALSE,292245504,278.7
115,gaussian,scale_train_mc,2,FALSE,numeric,gaussian,12,128,1000,10,Inf,1000000,1,multisession,1,10000,25,FALSE,FALSE,2,,"",NA,NA,2026-07-08T00:09:46+0200,jullum-ubuntu,4.6.1,1.0.8.9002,b9c5fcd1,794732,ok,0.8896,5.0507,4.836,0.212,0,0,248650064,128,1,43,43,3,4.8855,0.0431,0.0281,4.8082,0.0061,318459904,292462592,6.876,0,FALSE,292462592,278.9
116,gaussian,scale_train_mc,3,FALSE,numeric,gaussian,12,128,1000,10,Inf,1000000,1,multisession,1,10000,25,FALSE,FALSE,2,,"",NA,NA,2026-07-07T21:52:02+0200,jullum-ubuntu,4.6.1,1.0.8.9002,b9c5fcd1,723076,ok,0.8931,4.9851,4.827,0.156,0,0,248653832,128,1,43,43,3,4.8207,0.0429,0.0281,4.7436,0.0061,316862464,291184640,6.798,0,FALSE,291184640,277.7
117,gaussian,scale_train_mc,0,TRUE,numeric,gaussian,12,128,1000,10,Inf,1000000,1,multisession,1,20000,25,FALSE,FALSE,2,,"",NA,NA,2026-07-07T20:32:30+0200,jullum-ubuntu,4.6.1,1.0.8.9002,b9c5fcd1,655177,ok,0.8957,4.6643,4.476,0.187,0,0,265542128,128,1,43,43,3,4.4987,0.0432,0.0285,4.4208,0.0061,332443648,306827264,6.478,0,FALSE,306827264,292.6
118,gaussian,scale_train_mc,1,FALSE,numeric,gaussian,12,128,1000,10,Inf,1000000,1,multisession,1,20000,25,FALSE,FALSE,2,,"",NA,NA,2026-07-07T19:22:43+0200,jullum-ubuntu,4.6.1,1.0.8.9002,b9c5fcd1,598475,ok,0.8961,4.7229,4.512,0.209,0,0,248289440,128,1,43,43,3,4.5593,0.0429,0.0288,4.4816,0.0061,316497920,291016704,6.531,0,FALSE,291016704,277.5
119,gaussian,scale_train_mc,2,FALSE,numeric,gaussian,12,128,1000,10,Inf,1000000,1,multisession,1,20000,25,FALSE,FALSE,2,,"",NA,NA,2026-07-07T21:55:02+0200,jullum-ubuntu,4.6.1,1.0.8.9002,b9c5fcd1,728233,ok,0.8885,4.682,4.486,0.194,0,0,265542120,128,1,43,43,3,4.5202,0.0429,0.0285,4.4428,0.006,332726272,307154944,6.487,0,FALSE,307154944,292.9
120,gaussian,scale_train_mc,3,FALSE,numeric,gaussian,12,128,1000,10,Inf,1000000,1,multisession,1,20000,25,FALSE,FALSE,2,,"",NA,NA,2026-07-07T21:56:23+0200,jullum-ubuntu,4.6.1,1.0.8.9002,b9c5fcd1,730753,ok,0.8942,4.675,4.49,0.182,0,0,265542064,128,1,43,43,3,4.5098,0.0454,0.0304,4.4279,0.0061,332701696,307257344,6.469,0,FALSE,307257344,293
121,gaussian,features,0,TRUE,numeric,gaussian,2,128,250,10,Inf,1000000,1,multisession,1,1000,25,FALSE,FALSE,2,,"",NA,NA,2026-07-07T20:37:24+0200,jullum-ubuntu,4.6.1,1.0.8.9002,b9c5fcd1,662192,ok,0.8921,0.5154,0.507,0.008,0,0,206929528,4,1,2,2,80,0.3571,0.0437,0.0275,0.2813,0.0046,254652416,228122624,2.308,0,FALSE,228122624,217.6
122,gaussian,features,1,FALSE,numeric,gaussian,2,128,250,10,Inf,1000000,1,multisession,1,1000,25,FALSE,FALSE,2,,"",NA,NA,2026-07-07T21:55:45+0200,jullum-ubuntu,4.6.1,1.0.8.9002,b9c5fcd1,728988,ok,0.8867,0.51,0.498,0.011,0,0,206929528,4,1,2,2,80,0.3533,0.0425,0.027,0.2791,0.0047,257048576,228044800,2.31,0,FALSE,228044800,217.5
123,gaussian,features,2,FALSE,numeric,gaussian,2,128,250,10,Inf,1000000,1,multisession,1,1000,25,FALSE,FALSE,2,,"",NA,NA,2026-07-08T00:10:13+0200,jullum-ubuntu,4.6.1,1.0.8.9002,b9c5fcd1,795242,ok,0.8753,0.5098,0.497,0.011,0,0,206929528,4,1,2,2,80,0.353,0.0423,0.0271,0.2791,0.0045,254660608,228847616,2.311,0,FALSE,228847616,218.2
124,gaussian,features,3,FALSE,numeric,gaussian,2,128,250,10,Inf,1000000,1,multisession,1,1000,25,FALSE,FALSE,2,,"",NA,NA,2026-07-07T22:56:55+0200,jullum-ubuntu,4.6.1,1.0.8.9002,b9c5fcd1,766145,ok,0.8975,0.5169,0.504,0.012,0,0,206929528,4,1,2,2,80,0.3555,0.0427,0.0272,0.2811,0.0046,254865408,228032512,2.315,0,FALSE,228032512,217.5
125,gaussian,features,0,TRUE,numeric,gaussian,4,128,250,10,Inf,1000000,1,multisession,1,1000,25,FALSE,FALSE,2,,"",NA,NA,2026-07-07T23:02:19+0200,jullum-ubuntu,4.6.1,1.0.8.9002,b9c5fcd1,774508,ok,0.8764,0.6274,0.606,0.02,0,0,219957720,16,1,10,10,40,0.4654,0.0418,0.0269,0.392,0.0047,269758464,242974720,2.407,0,FALSE,242974720,231.7
126,gaussian,features,1,FALSE,numeric,gaussian,4,128,250,10,Inf,1000000,1,multisession,1,1000,25,FALSE,FALSE,2,,"",NA,NA,2026-07-07T21:55:38+0200,jullum-ubuntu,4.6.1,1.0.8.9002,b9c5fcd1,728885,ok,0.8859,0.6303,0.612,0.017,0,0,219957736,16,1,10,10,40,0.4672,0.042,0.0271,0.3933,0.0047,269590528,242991104,2.448,0,FALSE,242991104,231.7
127,gaussian,features,2,FALSE,numeric,gaussian,4,128,250,10,Inf,1000000,1,multisession,1,1000,25,FALSE,FALSE,2,,"",NA,NA,2026-07-07T20:34:30+0200,jullum-ubuntu,4.6.1,1.0.8.9002,b9c5fcd1,658861,ok,0.8843,0.6348,0.619,0.015,0,0,219957720,16,1,10,10,40,0.4709,0.0418,0.027,0.3974,0.0048,269873152,242823168,2.415,0,FALSE,242823168,231.6
128,gaussian,features,3,FALSE,numeric,gaussian,4,128,250,10,Inf,1000000,1,multisession,1,1000,25,FALSE,FALSE,2,,"",NA,NA,2026-07-07T23:01:20+0200,jullum-ubuntu,4.6.1,1.0.8.9002,b9c5fcd1,773438,ok,0.887,0.6423,0.622,0.019,0,0,219960064,16,1,10,10,40,0.4756,0.0422,0.0272,0.4011,0.0052,269705216,242688000,2.457,0,FALSE,242688000,231.4
129,gaussian,features,0,TRUE,numeric,gaussian,6,128,250,10,Inf,1000000,1,multisession,1,1000,25,FALSE,FALSE,2,,"",NA,NA,2026-07-07T23:02:39+0200,jullum-ubuntu,4.6.1,1.0.8.9002,b9c5fcd1,775015,ok,0.8879,0.8303,0.807,0.021,0,0,234162376,64,1,10,10,26,0.6758,0.0414,0.0269,0.602,0.0054,287453184,260169728,2.646,0,FALSE,260169728,248.1
130,gaussian,features,1,FALSE,numeric,gaussian,6,128,250,10,Inf,1000000,1,multisession,1,1000,25,FALSE,FALSE,2,,"",NA,NA,2026-07-07T20:40:25+0200,jullum-ubuntu,4.6.1,1.0.8.9002,b9c5fcd1,666188,ok,0.8803,0.8442,0.819,0.025,0,0,234162328,64,1,10,10,26,0.6833,0.0416,0.027,0.6089,0.0058,287518720,260403200,2.646,0,FALSE,260403200,248.3
131,gaussian,features,2,FALSE,numeric,gaussian,6,128,250,10,Inf,1000000,1,multisession,1,1000,25,FALSE,FALSE,2,,"",NA,NA,2026-07-07T20:41:11+0200,jullum-ubuntu,4.6.1,1.0.8.9002,b9c5fcd1,666688,ok,0.887,0.8487,0.817,0.03,0,0,234162376,64,1,10,10,26,0.687,0.0428,0.0274,0.6109,0.0059,287592448,260952064,2.65,0,FALSE,260952064,248.9
132,gaussian,features,3,FALSE,numeric,gaussian,6,128,250,10,Inf,1000000,1,multisession,1,1000,25,FALSE,FALSE,2,,"",NA,NA,2026-07-07T20:38:51+0200,jullum-ubuntu,4.6.1,1.0.8.9002,b9c5fcd1,663698,ok,0.8936,0.8418,0.823,0.018,0,0,234158544,64,1,10,10,26,0.6853,0.0423,0.0276,0.6099,0.0054,287133696,260349952,2.661,0,FALSE,260349952,248.3
133,gaussian,features,0,TRUE,numeric,gaussian,8,128,250,10,Inf,1000000,1,multisession,1,1000,25,FALSE,FALSE,2,,"",NA,NA,2026-07-15T23:43:03+0200,jullum-ubuntu,4.6.1,1.0.8.9003,10cc557a,2481733,ok,0.8927,2.3099,2.266,0.043,0,0,234183704,128,1,10,10,20,2.1449,0.0466,0.0299,2.0625,0.0059,294277120,268767232,4.113,0,FALSE,268767232,256.3
134,gaussian,features,1,FALSE,numeric,gaussian,8,128,250,10,Inf,1000000,1,multisession,1,1000,25,FALSE,FALSE,2,,"",NA,NA,2026-07-15T23:39:47+0200,jullum-ubuntu,4.6.1,1.0.8.9003,10cc557a,2477395,ok,0.888,2.2896,2.248,0.042,0,0,234180040,128,1,10,10,20,2.1213,0.0453,0.0286,2.0412,0.0062,294051840,268558336,4.085,0,FALSE,268558336,256.1
135,gaussian,features,2,FALSE,numeric,gaussian,8,128,250,10,Inf,1000000,1,multisession,1,1000,25,FALSE,FALSE,2,,"",NA,NA,2026-07-15T23:39:35+0200,jullum-ubuntu,4.6.1,1.0.8.9003,10cc557a,2477206,ok,0.8859,2.3693,2.328,0.04,0,0,234179648,128,1,10,10,20,2.2066,0.0428,0.0276,2.1302,0.006,294068224,268496896,4.158,0,FALSE,268496896,256.1
136,gaussian,features,3,FALSE,numeric,gaussian,8,128,250,10,Inf,1000000,1,multisession,1,1000,25,FALSE,FALSE,2,,"",NA,NA,2026-07-15T23:34:59+0200,jullum-ubuntu,4.6.1,1.0.8.9003,10cc557a,2471423,ok,0.8949,2.3343,2.292,0.04,0,0,234184896,128,1,10,10,20,2.1716,0.043,0.0273,2.095,0.0062,294301696,268738560,4.14,0,FALSE,268738560,256.3
137,gaussian,features,0,TRUE,numeric,gaussian,10,128,250,10,Inf,1000000,1,multisession,1,1000,25,FALSE,FALSE,2,,"",NA,NA,2026-07-15T23:38:01+0200,jullum-ubuntu,4.6.1,1.0.8.9003,10cc557a,2475101,ok,0.9009,2.3059,2.244,0.061,0,0,236065144,128,1,10,10,16,2.1403,0.043,0.0289,2.0623,0.0061,303296512,277688320,4.104,0,FALSE,277688320,264.8
138,gaussian,features,1,FALSE,numeric,gaussian,10,128,250,10,Inf,1000000,1,multisession,1,1000,25,FALSE,FALSE,2,,"",NA,NA,2026-07-15T23:42:54+0200,jullum-ubuntu,4.6.1,1.0.8.9003,10cc557a,2481206,ok,0.9041,2.3359,2.271,0.063,0,0,236146848,128,1,10,10,16,2.1698,0.0434,0.0277,2.0921,0.0066,303579136,278040576,4.156,0,FALSE,278040576,265.2
139,gaussian,features,2,FALSE,numeric,gaussian,10,128,250,10,Inf,1000000,1,multisession,1,1000,25,FALSE,FALSE,2,,"",NA,NA,2026-07-15T23:42:42+0200,jullum-ubuntu,4.6.1,1.0.8.9003,10cc557a,2481087,ok,0.8931,2.2781,2.208,0.069,0,0,235933112,128,1,10,10,16,2.1123,0.0429,0.0274,2.0359,0.0061,303296512,277966848,4.072,0,FALSE,277966848,265.1
140,gaussian,features,3,FALSE,numeric,gaussian,10,128,250,10,Inf,1000000,1,multisession,1,1000,25,FALSE,FALSE,2,,"",NA,NA,2026-07-15T23:35:24+0200,jullum-ubuntu,4.6.1,1.0.8.9003,10cc557a,2472009,ok,0.8998,2.3298,2.272,0.056,0,0,235960952,128,1,10,10,16,2.1696,0.0437,0.0282,2.0914,0.0063,303329280,277475328,4.13,0,FALSE,277475328,264.6
141,gaussian,features,0,TRUE,numeric,gaussian,16,128,250,10,Inf,1000000,1,multisession,1,1000,25,FALSE,FALSE,2,,"",NA,NA,2026-07-08T00:09:58+0200,jullum-ubuntu,4.6.1,1.0.8.9002,b9c5fcd1,794879,ok,0.886,2.4907,2.389,0.099,0,0,248263360,128,1,13,13,10,2.334,0.0426,0.0279,2.2573,0.0062,317358080,292114432,4.275,0,FALSE,292114432,278.6
142,gaussian,features,1,FALSE,numeric,gaussian,16,128,250,10,Inf,1000000,1,multisession,1,1000,25,FALSE,FALSE,2,,"",NA,NA,2026-07-07T19:22:03+0200,jullum-ubuntu,4.6.1,1.0.8.9002,b9c5fcd1,595499,ok,0.8935,2.5476,2.454,0.092,0,0,248263432,128,1,13,13,10,2.3834,0.043,0.0281,2.3061,0.0063,317407232,291721216,4.363,0,FALSE,291721216,278.2
143,gaussian,features,2,FALSE,numeric,gaussian,16,128,250,10,Inf,1000000,1,multisession,1,1000,25,FALSE,FALSE,2,,"",NA,NA,2026-07-07T21:50:54+0200,jullum-ubuntu,4.6.1,1.0.8.9002,b9c5fcd1,722212,ok,0.8978,2.4398,2.347,0.092,0,0,248266912,128,1,13,13,10,2.2788,0.0458,0.0275,2.1994,0.0061,317112320,291684352,4.242,0,FALSE,291684352,278.2
144,gaussian,features,3,FALSE,numeric,gaussian,16,128,250,10,Inf,1000000,1,multisession,1,1000,25,FALSE,FALSE,2,,"",NA,NA,2026-07-07T19:24:17+0200,jullum-ubuntu,4.6.1,1.0.8.9002,b9c5fcd1,602416,ok,0.9044,2.4691,2.377,0.092,0,0,248263432,128,1,13,13,10,2.3095,0.0426,0.0277,2.2329,0.0062,317431808,291930112,4.296,0,FALSE,291930112,278.4
145,gaussian,features,0,TRUE,numeric,gaussian,20,128,250,10,Inf,1000000,1,multisession,1,1000,25,FALSE,FALSE,2,,"",NA,NA,2026-07-07T21:42:26+0200,jullum-ubuntu,4.6.1,1.0.8.9002,b9c5fcd1,702961,ok,0.8901,2.5401,2.443,0.092,0,0,248487688,128,1,16,16,8,2.3731,0.0431,0.0277,2.296,0.0063,316239872,291086336,4.357,0,FALSE,291086336,277.6
146,gaussian,features,1,FALSE,numeric,gaussian,20,128,250,10,Inf,1000000,1,multisession,1,1000,25,FALSE,FALSE,2,,"",NA,NA,2026-07-07T23:00:18+0200,jullum-ubuntu,4.6.1,1.0.8.9002,b9c5fcd1,771715,ok,0.8875,2.5303,2.443,0.086,0,0,248420696,128,1,16,16,8,2.3673,0.0449,0.0276,2.2886,0.0062,318558208,291254272,4.34,0,FALSE,291254272,277.8
147,gaussian,features,2,FALSE,numeric,gaussian,20,128,250,10,Inf,1000000,1,multisession,1,1000,25,FALSE,FALSE,2,,"",NA,NA,2026-07-07T21:41:34+0200,jullum-ubuntu,4.6.1,1.0.8.9002,b9c5fcd1,701748,ok,0.9022,2.5553,2.469,0.085,0,0,248595920,128,1,16,16,8,2.39,0.0429,0.0277,2.3132,0.0062,318570496,291549184,4.347,0,FALSE,291549184,278
148,gaussian,features,3,FALSE,numeric,gaussian,20,128,250,10,Inf,1000000,1,multisession,1,1000,25,FALSE,FALSE,2,,"",NA,NA,2026-07-07T20:34:40+0200,jullum-ubuntu,4.6.1,1.0.8.9002,b9c5fcd1,659220,ok,0.886,2.5522,2.464,0.087,0,0,248575280,128,1,16,16,8,2.3811,0.0426,0.0276,2.3043,0.0066,315887616,290615296,4.351,0,FALSE,290615296,277.2
149,gaussian,features,0,TRUE,numeric,gaussian,25,128,250,10,Inf,1000000,1,multisession,1,1000,25,FALSE,FALSE,2,,"",NA,NA,2026-07-08T00:06:41+0200,jullum-ubuntu,4.6.1,1.0.8.9002,b9c5fcd1,786368,ok,0.8885,2.5499,2.44,0.108,0,0,248311464,128,1,22,22,6,2.3914,0.0435,0.0289,2.3129,0.0062,317722624,292626432,4.33,0,FALSE,292626432,279.1
150,gaussian,features,1,FALSE,numeric,gaussian,25,128,250,10,Inf,1000000,1,multisession,1,1000,25,FALSE,FALSE,2,,"",NA,NA,2026-07-07T23:00:27+0200,jullum-ubuntu,4.6.1,1.0.8.9002,b9c5fcd1,771835,ok,0.8816,2.5152,2.406,0.108,0,0,248311392,128,1,22,22,6,2.3601,0.0425,0.0274,2.2841,0.0061,317558784,292290560,4.309,0,FALSE,292290560,278.8
151,gaussian,features,2,FALSE,numeric,gaussian,25,128,250,10,Inf,1000000,1,multisession,1,1000,25,FALSE,FALSE,2,,"",NA,NA,2026-07-07T21:45:04+0200,jullum-ubuntu,4.6.1,1.0.8.9002,b9c5fcd1,708179,ok,0.8893,2.5527,2.454,0.097,0,0,248311184,128,1,22,22,6,2.3926,0.0433,0.0278,2.3153,0.0063,317722624,292380672,4.375,0,FALSE,292380672,278.8
152,gaussian,features,3,FALSE,numeric,gaussian,25,128,250,10,Inf,1000000,1,multisession,1,1000,25,FALSE,FALSE,2,,"",NA,NA,2026-07-07T20:39:26+0200,jullum-ubuntu,4.6.1,1.0.8.9002,b9c5fcd1,664350,ok,0.8899,2.5704,2.467,0.101,0,0,248307400,128,1,22,22,6,2.4072,0.0429,0.0275,2.3307,0.0062,317669376,292347904,4.383,0,FALSE,292347904,278.8
153,gaussian,features,0,TRUE,numeric,gaussian,30,128,250,10,Inf,1000000,1,multisession,1,1000,25,FALSE,FALSE,2,,"",NA,NA,2026-07-07T19:26:54+0200,jullum-ubuntu,4.6.1,1.0.8.9002,b9c5fcd1,606847,ok,0.89,2.92,2.837,0.082,0,0,248317416,128,1,26,26,5,2.758,0.0431,0.028,2.6804,0.0065,315912192,290795520,4.738,0,FALSE,290795520,277.3
154,gaussian,features,1,FALSE,numeric,gaussian,30,128,250,10,Inf,1000000,1,multisession,1,1000,25,FALSE,FALSE,2,,"",NA,NA,2026-07-07T20:28:42+0200,jullum-ubuntu,4.6.1,1.0.8.9002,b9c5fcd1,649714,ok,0.8823,2.921,2.821,0.096,0,0,248318136,128,1,26,26,5,2.7622,0.043,0.0277,2.685,0.0065,323710976,298471424,4.756,0,FALSE,298471424,284.6
155,gaussian,features,2,FALSE,numeric,gaussian,30,128,250,10,Inf,1000000,1,multisession,1,1000,25,FALSE,FALSE,2,,"",NA,NA,2026-07-07T21:48:29+0200,jullum-ubuntu,4.6.1,1.0.8.9002,b9c5fcd1,718048,ok,0.8854,2.8628,2.751,0.107,0,0,248316256,128,1,26,26,5,2.7062,0.0421,0.027,2.6309,0.0062,323485696,298299392,4.665,0,FALSE,298299392,284.5
156,gaussian,features,3,FALSE,numeric,gaussian,30,128,250,10,Inf,1000000,1,multisession,1,1000,25,FALSE,FALSE,2,,"",NA,NA,2026-07-07T21:53:21+0200,jullum-ubuntu,4.6.1,1.0.8.9002,b9c5fcd1,725080,ok,0.8816,2.9102,2.797,0.112,0,0,248316856,128,1,26,26,5,2.754,0.0427,0.0274,2.6777,0.0062,323678208,298369024,4.709,0,FALSE,298369024,284.5
157,gaussian,coalitions,0,TRUE,numeric,gaussian,12,16,250,10,Inf,1000000,1,multisession,1,1000,25,FALSE,FALSE,2,,"",NA,NA,2026-07-07T23:00:44+0200,jullum-ubuntu,4.6.1,1.0.8.9002,b9c5fcd1,772325,ok,0.8878,1.3707,1.349,0.021,0,0,234249880,16,1,10,10,13,1.2139,0.0426,0.0273,1.1394,0.0047,283578368,256307200,3.202,0,FALSE,256307200,244.4
158,gaussian,coalitions,1,FALSE,numeric,gaussian,12,16,250,10,Inf,1000000,1,multisession,1,1000,25,FALSE,FALSE,2,,"",NA,NA,2026-07-07T20:35:21+0200,jullum-ubuntu,4.6.1,1.0.8.9002,b9c5fcd1,660190,ok,0.8848,1.3764,1.344,0.032,0,0,234249880,16,1,10,10,13,1.2187,0.0425,0.0274,1.1442,0.0047,282025984,256561152,3.165,0,FALSE,256561152,244.7
159,gaussian,coalitions,2,FALSE,numeric,gaussian,12,16,250,10,Inf,1000000,1,multisession,1,1000,25,FALSE,FALSE,2,,"",NA,NA,2026-07-07T19:21:59+0200,jullum-ubuntu,4.6.1,1.0.8.9002,b9c5fcd1,595425,ok,0.8937,1.4092,1.384,0.024,0,0,234249848,16,1,10,10,13,1.2495,0.045,0.028,1.1718,0.0047,283541504,256356352,3.205,0,FALSE,256356352,244.5
160,gaussian,coalitions,3,FALSE,numeric,gaussian,12,16,250,10,Inf,1000000,1,multisession,1,1000,25,FALSE,FALSE,2,,"",NA,NA,2026-07-07T20:33:14+0200,jullum-ubuntu,4.6.1,1.0.8.9002,b9c5fcd1,657933,ok,0.887,1.3861,1.356,0.024,0,0,234249880,16,1,10,10,13,1.2257,0.0425,0.0273,1.1509,0.0051,283566080,256282624,3.156,0,FALSE,256282624,244.4
161,gaussian,coalitions,0,TRUE,numeric,gaussian,12,32,250,10,Inf,1000000,1,multisession,1,1000,25,FALSE,FALSE,2,,"",NA,NA,2026-07-07T23:00:04+0200,jullum-ubuntu,4.6.1,1.0.8.9002,b9c5fcd1,771513,ok,0.8859,1.4887,1.457,0.031,0,0,234246472,32,1,10,10,13,1.3234,0.0426,0.0276,1.2484,0.0049,285736960,259039232,3.292,0,FALSE,259039232,247
162,gaussian,coalitions,1,FALSE,numeric,gaussian,12,32,250,10,Inf,1000000,1,multisession,1,1000,25,FALSE,FALSE,2,,"",NA,NA,2026-07-07T23:04:57+0200,jullum-ubuntu,4.6.1,1.0.8.9002,b9c5fcd1,777487,ok,0.8927,1.481,1.452,0.027,0,0,234244736,32,1,10,10,13,1.3169,0.0427,0.0274,1.2419,0.0049,285802496,258719744,3.273,0,FALSE,258719744,246.7
163,gaussian,coalitions,2,FALSE,numeric,gaussian,12,32,250,10,Inf,1000000,1,multisession,1,1000,25,FALSE,FALSE,2,,"",NA,NA,2026-07-07T20:39:18+0200,jullum-ubuntu,4.6.1,1.0.8.9002,b9c5fcd1,664028,ok,0.892,1.4837,1.456,0.027,0,0,234244912,32,1,10,10,13,1.3196,0.0454,0.0286,1.2407,0.0049,285483008,258420736,3.288,0,FALSE,258420736,246.4
164,gaussian,coalitions,3,FALSE,numeric,gaussian,12,32,250,10,Inf,1000000,1,multisession,1,1000,25,FALSE,FALSE,2,,"",NA,NA,2026-07-07T20:32:56+0200,jullum-ubuntu,4.6.1,1.0.8.9002,b9c5fcd1,655787,ok,0.887,1.4897,1.462,0.026,0,0,234248088,32,1,10,10,13,1.3246,0.0432,0.0273,1.2492,0.0049,285827072,258478080,3.275,0,FALSE,258478080,246.5
165,gaussian,coalitions,0,TRUE,numeric,gaussian,12,64,250,10,Inf,1000000,1,multisession,1,1000,25,FALSE,FALSE,2,,"",NA,NA,2026-07-08T00:12:24+0200,jullum-ubuntu,4.6.1,1.0.8.9002,b9c5fcd1,799347,ok,0.8873,1.6835,1.649,0.033,0,0,234153848,64,1,10,10,13,1.525,0.0427,0.0275,1.4495,0.0054,289243136,264548352,3.486,0,FALSE,264548352,252.3
166,gaussian,coalitions,1,FALSE,numeric,gaussian,12,64,250,10,Inf,1000000,1,multisession,1,1000,25,FALSE,FALSE,2,,"",NA,NA,2026-07-07T21:41:53+0200,jullum-ubuntu,4.6.1,1.0.8.9002,b9c5fcd1,702459,ok,0.8832,1.6919,1.652,0.039,0,0,234154488,64,1,10,10,13,1.5331,0.0428,0.0273,1.4576,0.0054,289640448,264085504,3.482,0,FALSE,264085504,251.9
167,gaussian,coalitions,2,FALSE,numeric,gaussian,12,64,250,10,Inf,1000000,1,multisession,1,1000,25,FALSE,FALSE,2,,"",NA,NA,2026-07-07T21:41:45+0200,jullum-ubuntu,4.6.1,1.0.8.9002,b9c5fcd1,702096,ok,0.8955,1.6838,1.643,0.039,0,0,234159984,64,1,10,10,13,1.5209,0.0422,0.0271,1.4463,0.0053,289230848,263716864,3.494,0,FALSE,263716864,251.5
168,gaussian,coalitions,3,FALSE,numeric,gaussian,12,64,250,10,Inf,1000000,1,multisession,1,1000,25,FALSE,FALSE,2,,"",NA,NA,2026-07-07T20:41:07+0200,jullum-ubuntu,4.6.1,1.0.8.9002,b9c5fcd1,666634,ok,0.8917,1.7198,1.687,0.032,0,0,234153704,64,1,10,10,13,1.555,0.0429,0.0276,1.4792,0.0053,289345536,264261632,3.55,0,FALSE,264261632,252
169,gaussian,coalitions,0,TRUE,numeric,gaussian,12,256,250,10,Inf,1000000,1,multisession,1,1000,25,FALSE,FALSE,2,,"",NA,NA,2026-07-15T23:38:19+0200,jullum-ubuntu,4.6.1,1.0.8.9003,10cc557a,2475413,ok,0.891,3.7513,3.647,0.103,0,0,248307264,256,1,20,20,13,3.5917,0.0431,0.0276,3.5128,0.0083,318631936,292913152,5.576,0,FALSE,292913152,279.3
170,gaussian,coalitions,1,FALSE,numeric,gaussian,12,256,250,10,Inf,1000000,1,multisession,1,1000,25,FALSE,FALSE,2,,"",NA,NA,2026-07-15T23:35:45+0200,jullum-ubuntu,4.6.1,1.0.8.9003,10cc557a,2472262,ok,0.8983,3.6591,3.567,0.09,0,0,248304144,256,1,20,20,13,3.4941,0.0439,0.0281,3.3946,0.0274,318787584,292835328,5.483,0,FALSE,292835328,279.3
171,gaussian,coalitions,2,FALSE,numeric,gaussian,12,256,250,10,Inf,1000000,1,multisession,1,1000,25,FALSE,FALSE,2,,"",NA,NA,2026-07-15T23:38:41+0200,jullum-ubuntu,4.6.1,1.0.8.9003,10cc557a,2476029,ok,0.9013,3.6488,3.554,0.093,0,0,248307560,256,1,20,20,13,3.4863,0.0448,0.0284,3.4051,0.008,318525440,292933632,5.449,0,FALSE,292933632,279.4
172,gaussian,coalitions,3,FALSE,numeric,gaussian,12,256,250,10,Inf,1000000,1,multisession,1,1000,25,FALSE,FALSE,2,,"",NA,NA,2026-07-15T23:39:41+0200,jullum-ubuntu,4.6.1,1.0.8.9003,10cc557a,2477272,ok,0.8888,3.6157,3.517,0.094,0,0,248303752,256,1,20,20,13,3.4558,0.0429,0.0275,3.3774,0.0081,318402560,293056512,5.417,0,FALSE,293056512,279.5
173,gaussian,coalitions,0,TRUE,numeric,gaussian,12,512,250,10,Inf,1000000,1,multisession,1,1000,25,FALSE,FALSE,2,,"",NA,NA,2026-07-15T23:41:25+0200,jullum-ubuntu,4.6.1,1.0.8.9003,10cc557a,2479311,ok,0.8953,6.0619,5.807,0.253,0,0,322018128,512,1,40,40,13,5.9034,0.0427,0.0277,5.822,0.011,372482048,345505792,7.899,0,FALSE,345505792,329.5
174,gaussian,coalitions,1,FALSE,numeric,gaussian,12,512,250,10,Inf,1000000,1,multisession,1,1000,25,FALSE,FALSE,2,,"",NA,NA,2026-07-15T23:34:08+0200,jullum-ubuntu,4.6.1,1.0.8.9003,10cc557a,2470390,ok,0.9029,6.1634,5.92,0.24,0,0,307807880,512,1,40,40,13,6.0053,0.043,0.0274,5.9237,0.0113,362471424,335466496,7.998,0,FALSE,335466496,319.9
175,gaussian,coalitions,2,FALSE,numeric,gaussian,12,512,250,10,Inf,1000000,1,multisession,1,1000,25,FALSE,FALSE,2,,"",NA,NA,2026-07-15T23:35:09+0200,jullum-ubuntu,4.6.1,1.0.8.9003,10cc557a,2471539,ok,0.8988,6.031,5.815,0.214,0,0,304911472,512,1,40,40,13,5.8719,0.0425,0.0276,5.7907,0.0111,357228544,330215424,7.853,0,FALSE,330215424,314.9
176,gaussian,coalitions,3,FALSE,numeric,gaussian,12,512,250,10,Inf,1000000,1,multisession,1,1000,25,FALSE,FALSE,2,,"",NA,NA,2026-07-15T23:40:22+0200,jullum-ubuntu,4.6.1,1.0.8.9003,10cc557a,2478074,ok,0.8964,6.0615,5.824,0.235,0,0,322181152,512,1,40,40,13,5.9032,0.0428,0.0276,5.8216,0.0113,374882304,347365376,7.885,0,FALSE,347365376,331.3
177,gaussian,coalitions,0,TRUE,numeric,gaussian,12,1024,250,10,Inf,1000000,1,multisession,1,1000,25,FALSE,FALSE,2,,"",NA,NA,2026-07-15T23:36:28+0200,jullum-ubuntu,4.6.1,1.0.8.9003,10cc557a,2473239,ok,0.8944,11.6232,11.326,0.294,0,0,349818048,1024,1,79,79,13,11.4492,0.0433,0.0273,11.3609,0.0177,424677376,396255232,13.471,0,FALSE,396255232,377.9
178,gaussian,coalitions,1,FALSE,numeric,gaussian,12,1024,250,10,Inf,1000000,1,multisession,1,1000,25,FALSE,FALSE,2,,"",NA,NA,2026-07-15T23:43:08+0200,jullum-ubuntu,4.6.1,1.0.8.9003,10cc557a,2481797,ok,0.8946,12.0199,11.651,0.365,0,0,349463504,1024,1,79,79,13,11.8613,0.0431,0.0276,11.7732,0.0174,432398336,407064576,13.882,0,FALSE,407064576,388.2
179,gaussian,coalitions,2,FALSE,numeric,gaussian,12,1024,250,10,Inf,1000000,1,multisession,1,1000,25,FALSE,FALSE,2,,"",NA,NA,2026-07-15T23:35:52+0200,jullum-ubuntu,4.6.1,1.0.8.9003,10cc557a,2472643,ok,0.8883,11.6612,11.394,0.264,0,0,348143408,1024,1,79,79,13,11.4944,0.0435,0.0275,11.4057,0.0176,410324992,383438848,13.487,0,FALSE,383438848,365.7
180,gaussian,coalitions,3,FALSE,numeric,gaussian,12,1024,250,10,Inf,1000000,1,multisession,1,1000,25,FALSE,FALSE,2,,"",NA,NA,2026-07-15T23:36:12+0200,jullum-ubuntu,4.6.1,1.0.8.9003,10cc557a,2472809,ok,0.8947,11.657,11.379,0.275,0,0,349874240,1024,1,79,79,13,11.4882,0.0446,0.029,11.3974,0.0171,421076992,394305536,13.515,0,FALSE,394305536,376
181,gaussian,highdim_cap,0,TRUE,numeric,gaussian,20,512,250,10,Inf,1000000,1,multisession,1,1000,25,FALSE,FALSE,2,,"",NA,NA,2026-07-15T23:40:12+0200,jullum-ubuntu,4.6.1,1.0.8.9003,10cc557a,2477988,ok,0.8855,6.3825,6.094,0.286,0,0,266113976,512,1,64,64,8,6.2227,0.0428,0.0275,6.1349,0.0176,336412672,311013376,8.193,0,FALSE,311013376,296.6
182,gaussian,highdim_cap,1,FALSE,numeric,gaussian,20,512,250,10,Inf,1000000,1,multisession,1,1000,25,FALSE,FALSE,2,,"",NA,NA,2026-07-15T23:34:44+0200,jullum-ubuntu,4.6.1,1.0.8.9003,10cc557a,2470898,ok,0.9042,6.5142,6.212,0.299,0,0,266115848,512,1,64,64,8,6.3466,0.0433,0.0276,6.2637,0.012,336510976,310575104,8.328,0,FALSE,310575104,296.2
183,gaussian,highdim_cap,2,FALSE,numeric,gaussian,20,512,250,10,Inf,1000000,1,multisession,1,1000,25,FALSE,FALSE,2,,"",NA,NA,2026-07-15T23:42:05+0200,jullum-ubuntu,4.6.1,1.0.8.9003,10cc557a,2480340,ok,0.8871,6.4498,6.165,0.28,0,0,266118744,512,1,64,64,8,6.2814,0.0434,0.0277,6.1989,0.0113,336277504,310845440,8.268,0,FALSE,310845440,296.4
184,gaussian,highdim_cap,3,FALSE,numeric,gaussian,20,512,250,10,Inf,1000000,1,multisession,1,1000,25,FALSE,FALSE,2,,"",NA,NA,2026-07-15T23:37:39+0200,jullum-ubuntu,4.6.1,1.0.8.9003,10cc557a,2474567,ok,0.8955,6.3567,6.062,0.293,0,0,266113824,512,1,64,64,8,6.1892,0.0428,0.028,6.1066,0.0118,336502784,310980608,8.164,0,FALSE,310980608,296.6
185,gaussian,highdim_cap,0,TRUE,numeric,gaussian,30,512,250,10,Inf,1000000,1,multisession,1,1000,25,FALSE,FALSE,2,,"",NA,NA,2026-07-07T19:24:43+0200,jullum-ubuntu,4.6.1,1.0.8.9002,b9c5fcd1,603065,ok,0.8962,7.6453,7.343,0.3,0,0,248625464,512,1,103,103,5,7.4754,0.0435,0.0279,7.3925,0.0115,325316608,303927296,9.508,0,FALSE,303927296,289.8
186,gaussian,highdim_cap,1,FALSE,numeric,gaussian,30,512,250,10,Inf,1000000,1,multisession,1,1000,25,FALSE,FALSE,2,,"",NA,NA,2026-07-07T19:24:07+0200,jullum-ubuntu,4.6.1,1.0.8.9002,b9c5fcd1,602311,ok,0.8988,7.5716,7.236,0.333,0,0,248621712,512,1,103,103,5,7.4053,0.0431,0.0279,7.3227,0.0116,326782976,304168960,9.397,0,FALSE,304168960,290.1
187,gaussian,highdim_cap,2,FALSE,numeric,gaussian,30,512,250,10,Inf,1000000,1,multisession,1,1000,25,FALSE,FALSE,2,,"",NA,NA,2026-07-07T19:21:10+0200,jullum-ubuntu,4.6.1,1.0.8.9002,b9c5fcd1,594144,ok,0.9285,7.6378,7.325,0.309,0,0,248624056,512,1,103,103,5,7.4615,0.0461,0.0294,7.3745,0.0116,318685184,293244928,9.513,0,FALSE,293244928,279.7
188,gaussian,highdim_cap,3,FALSE,numeric,gaussian,30,512,250,10,Inf,1000000,1,multisession,1,1000,25,FALSE,FALSE,2,,"",NA,NA,2026-07-07T21:44:46+0200,jullum-ubuntu,4.6.1,1.0.8.9002,b9c5fcd1,707775,ok,0.8975,7.5917,7.314,0.275,0,0,248624248,512,1,103,103,5,7.4213,0.0461,0.0283,7.3353,0.0116,321781760,296570880,9.415,0,FALSE,296570880,282.8
189,gaussian,highdim_cap,0,TRUE,numeric,gaussian,12,128,250,10,Inf,Inf,1,multisession,1,1000,25,FALSE,FALSE,2,,"",NA,NA,2026-07-08T00:09:37+0200,jullum-ubuntu,4.6.1,1.0.8.9002,b9c5fcd1,794652,ok,0.891,2.2811,2.217,0.062,0,0,248909664,128,1,10,10,Inf,2.1214,0.0441,0.0281,2.0374,0.0118,312520704,287449088,4.104,0,FALSE,287449088,274.1
190,gaussian,highdim_cap,1,FALSE,numeric,gaussian,12,128,250,10,Inf,Inf,1,multisession,1,1000,25,FALSE,FALSE,2,,"",NA,NA,2026-07-07T23:00:59+0200,jullum-ubuntu,4.6.1,1.0.8.9002,b9c5fcd1,772506,ok,0.8906,2.2737,2.207,0.065,0,0,248906368,128,1,10,10,Inf,2.1107,0.0429,0.0275,2.0342,0.0061,311336960,286363648,4.079,0,FALSE,286363648,273.1
191,gaussian,highdim_cap,2,FALSE,numeric,gaussian,12,128,250,10,Inf,Inf,1,multisession,1,1000,25,FALSE,FALSE,2,,"",NA,NA,2026-07-08T00:12:03+0200,jullum-ubuntu,4.6.1,1.0.8.9002,b9c5fcd1,797525,ok,0.8922,2.3125,2.247,0.063,0,0,248909848,128,1,10,10,Inf,2.1469,0.0427,0.0275,2.0704,0.0062,311476224,285794304,4.127,0,FALSE,285794304,272.6
192,gaussian,highdim_cap,3,FALSE,numeric,gaussian,12,128,250,10,Inf,Inf,1,multisession,1,1000,25,FALSE,FALSE,2,,"",NA,NA,2026-07-08T00:09:41+0200,jullum-ubuntu,4.6.1,1.0.8.9002,b9c5fcd1,794691,ok,0.8875,2.3082,2.239,0.067,0,0,248909776,128,1,10,10,Inf,2.1498,0.0435,0.0276,2.0725,0.0062,311201792,286367744,4.107,0,FALSE,286367744,273.1
193,gaussian,highdim_cap,0,TRUE,numeric,gaussian,20,128,250,10,Inf,Inf,1,multisession,1,1000,25,FALSE,FALSE,2,,"",NA,NA,2026-07-07T23:03:31+0200,jullum-ubuntu,4.6.1,1.0.8.9002,b9c5fcd1,775751,ok,0.8844,2.7874,2.678,0.108,0,0,265190080,128,1,10,10,Inf,2.6211,0.0427,0.0274,2.5448,0.0061,336846848,311582720,4.561,0,FALSE,311582720,297.1
194,gaussian,highdim_cap,1,FALSE,numeric,gaussian,20,128,250,10,Inf,Inf,1,multisession,1,1000,25,FALSE,FALSE,2,,"",NA,NA,2026-07-07T23:00:08+0200,jullum-ubuntu,4.6.1,1.0.8.9002,b9c5fcd1,771580,ok,0.8901,2.7787,2.675,0.098,0,0,265190024,128,1,10,10,Inf,2.6157,0.043,0.0285,2.5379,0.0063,336932864,311607296,4.579,0,FALSE,311607296,297.2
195,gaussian,highdim_cap,2,FALSE,numeric,gaussian,20,128,250,10,Inf,Inf,1,multisession,1,1000,25,FALSE,FALSE,2,,"",NA,NA,2026-07-07T19:22:56+0200,jullum-ubuntu,4.6.1,1.0.8.9002,b9c5fcd1,598636,ok,0.899,2.7611,2.64,0.116,0,0,265190064,128,1,10,10,Inf,2.5974,0.0459,0.0291,2.5162,0.0062,336838656,312061952,4.595,0,FALSE,312061952,297.6
196,gaussian,highdim_cap,3,FALSE,numeric,gaussian,20,128,250,10,Inf,Inf,1,multisession,1,1000,25,FALSE,FALSE,2,,"",NA,NA,2026-07-07T20:29:41+0200,jullum-ubuntu,4.6.1,1.0.8.9002,b9c5fcd1,650580,ok,0.888,2.739,2.632,0.105,0,0,265190072,128,1,10,10,Inf,2.5735,0.0428,0.0276,2.4969,0.0062,336961536,311508992,4.566,0,FALSE,311508992,297.1
197,gaussian,highdim_cap,0,TRUE,numeric,gaussian,30,128,250,10,Inf,Inf,1,multisession,1,1000,25,FALSE,FALSE,2,,"",NA,NA,2026-07-08T00:06:46+0200,jullum-ubuntu,4.6.1,1.0.8.9002,b9c5fcd1,786407,ok,0.8803,3.0483,2.896,0.15,0,0,285401088,128,1,10,10,Inf,2.8841,0.0425,0.0274,2.808,0.0062,391479296,367124480,4.842,0,FALSE,367124480,350.1
198,gaussian,highdim_cap,1,FALSE,numeric,gaussian,30,128,250,10,Inf,Inf,1,multisession,1,1000,25,FALSE,FALSE,2,,"",NA,NA,2026-07-07T21:48:53+0200,jullum-ubuntu,4.6.1,1.0.8.9002,b9c5fcd1,718747,ok,0.8879,3.0356,2.883,0.151,0,0,285397576,128,1,10,10,Inf,2.8711,0.0429,0.0275,2.7947,0.0061,391532544,366067712,4.85,0,FALSE,366067712,349.1
199,gaussian,highdim_cap,2,FALSE,numeric,gaussian,30,128,250,10,Inf,Inf,1,multisession,1,1000,25,FALSE,FALSE,2,,"",NA,NA,2026-07-07T21:46:04+0200,jullum-ubuntu,4.6.1,1.0.8.9002,b9c5fcd1,709087,ok,0.8885,3.039,2.892,0.146,0,0,285396720,128,1,10,10,Inf,2.8784,0.0424,0.0274,2.8024,0.0062,391565312,366243840,4.84,0,FALSE,366243840,349.3
200,gaussian,highdim_cap,3,FALSE,numeric,gaussian,30,128,250,10,Inf,Inf,1,multisession,1,1000,25,FALSE,FALSE,2,,"",NA,NA,2026-07-07T23:06:08+0200,jullum-ubuntu,4.6.1,1.0.8.9002,b9c5fcd1,778938,ok,0.8902,3.0544,2.907,0.146,0,0,285397336,128,1,10,10,Inf,2.8877,0.0428,0.0274,2.8112,0.0063,391528448,366256128,4.883,0,FALSE,366256128,349.3
201,gaussian,highdim_cap,0,TRUE,numeric,gaussian,12,512,250,10,Inf,Inf,1,multisession,1,1000,25,FALSE,FALSE,2,,"",NA,NA,2026-07-15T23:37:15+0200,jullum-ubuntu,4.6.1,1.0.8.9003,10cc557a,2473972,ok,0.8926,6.5194,6.35,0.167,0,0,376692544,512,1,10,10,Inf,6.361,0.0439,0.0283,6.2777,0.0111,435597312,410255360,8.344,0,FALSE,410255360,391.2
202,gaussian,highdim_cap,1,FALSE,numeric,gaussian,12,512,250,10,Inf,Inf,1,multisession,1,1000,25,FALSE,FALSE,2,,"",NA,NA,2026-07-15T23:41:11+0200,jullum-ubuntu,4.6.1,1.0.8.9003,10cc557a,2479188,ok,0.9026,6.4777,6.301,0.172,0,0,376668632,512,1,10,10,Inf,6.3189,0.0428,0.0277,6.2375,0.011,435384320,410013696,8.312,0,FALSE,410013696,391
203,gaussian,highdim_cap,2,FALSE,numeric,gaussian,12,512,250,10,Inf,Inf,1,multisession,1,1000,25,FALSE,FALSE,2,,"",NA,NA,2026-07-15T23:36:43+0200,jullum-ubuntu,4.6.1,1.0.8.9003,10cc557a,2473337,ok,0.909,6.5087,6.373,0.132,0,0,376697656,512,1,10,10,Inf,6.3457,0.0456,0.0293,6.2599,0.011,446296064,418545664,8.355,0,FALSE,418545664,399.2
204,gaussian,highdim_cap,3,FALSE,numeric,gaussian,12,512,250,10,Inf,Inf,1,multisession,1,1000,25,FALSE,FALSE,2,,"",NA,NA,2026-07-15T23:40:48+0200,jullum-ubuntu,4.6.1,1.0.8.9003,10cc557a,2478663,ok,0.8975,6.482,6.352,0.126,0,0,376698656,512,1,10,10,Inf,6.3173,0.043,0.0276,6.2275,0.0192,445550592,418754560,8.314,0,FALSE,418754560,399.4
205,gaussian,highdim_cap,0,TRUE,numeric,gaussian,20,512,250,10,Inf,Inf,1,multisession,1,1000,25,FALSE,FALSE,2,,"",NA,NA,2026-07-15T23:41:39+0200,jullum-ubuntu,4.6.1,1.0.8.9003,10cc557a,2479773,ok,0.8867,7.4721,6.743,0.727,0,0,382505760,512,1,10,10,Inf,7.2969,0.0439,0.0275,7.2135,0.012,511336448,497037312,9.291,0,FALSE,497037312,474
206,gaussian,highdim_cap,1,FALSE,numeric,gaussian,20,512,250,10,Inf,Inf,1,multisession,1,1000,25,FALSE,FALSE,2,,"",NA,NA,2026-07-15T23:37:27+0200,jullum-ubuntu,4.6.1,1.0.8.9003,10cc557a,2474400,ok,0.8984,7.3898,6.629,0.757,0,0,382505320,512,1,10,10,Inf,7.2188,0.0444,0.0284,7.1348,0.0113,501850112,497192960,9.223,0,FALSE,497192960,474.2
207,gaussian,highdim_cap,2,FALSE,numeric,gaussian,20,512,250,10,Inf,Inf,1,multisession,1,1000,25,FALSE,FALSE,2,,"",NA,NA,2026-07-15T23:39:21+0200,jullum-ubuntu,4.6.1,1.0.8.9003,10cc557a,2476772,ok,0.8817,7.4187,6.665,0.748,0,0,382501544,512,1,10,10,Inf,7.2466,0.0435,0.0278,7.1548,0.0205,500678656,497352704,9.257,0,FALSE,497352704,474.3
208,gaussian,highdim_cap,3,FALSE,numeric,gaussian,20,512,250,10,Inf,Inf,1,multisession,1,1000,25,FALSE,FALSE,2,,"",NA,NA,2026-07-15T23:40:33+0200,jullum-ubuntu,4.6.1,1.0.8.9003,10cc557a,2478524,ok,0.8931,7.421,6.694,0.724,0,0,382504360,512,1,10,10,Inf,7.2517,0.0435,0.0277,7.1691,0.0114,511188992,497065984,9.257,0,FALSE,497065984,474
209,gaussian,highdim_cap,0,TRUE,numeric,gaussian,30,512,250,10,Inf,Inf,1,multisession,1,1000,25,FALSE,FALSE,2,,"",NA,NA,2026-07-07T21:42:14+0200,jullum-ubuntu,4.6.1,1.0.8.9002,b9c5fcd1,702621,ok,0.9063,8.957,7.583,1.372,0,0,474696840,512,1,10,10,Inf,8.7818,0.0456,0.0298,8.6951,0.0113,574832640,550023168,10.835,0,FALSE,550023168,524.5
210,gaussian,highdim_cap,1,FALSE,numeric,gaussian,30,512,250,10,Inf,Inf,1,multisession,1,1000,25,FALSE,FALSE,2,,"",NA,NA,2026-07-07T20:34:57+0200,jullum-ubuntu,4.6.1,1.0.8.9002,b9c5fcd1,659697,ok,0.8876,8.9767,7.584,1.389,0,0,474697304,512,1,10,10,Inf,8.8175,0.043,0.0275,8.736,0.011,574844928,550277120,10.842,0,FALSE,550277120,524.8
211,gaussian,highdim_cap,2,FALSE,numeric,gaussian,30,512,250,10,Inf,Inf,1,multisession,1,1000,25,FALSE,FALSE,2,,"",NA,NA,2026-07-08T00:08:41+0200,jullum-ubuntu,4.6.1,1.0.8.9002,b9c5fcd1,791711,ok,0.8982,8.9887,7.651,1.332,0,0,474697584,512,1,10,10,Inf,8.8299,0.0431,0.0278,8.748,0.0111,574820352,550842368,10.871,0,FALSE,550842368,525.3
212,gaussian,highdim_cap,3,FALSE,numeric,gaussian,30,512,250,10,Inf,Inf,1,multisession,1,1000,25,FALSE,FALSE,2,,"",NA,NA,2026-07-07T22:58:40+0200,jullum-ubuntu,4.6.1,1.0.8.9002,b9c5fcd1,768429,ok,0.89,8.9463,7.566,1.376,0,0,474696672,512,1,10,10,Inf,8.7856,0.0427,0.0273,8.7043,0.0113,574988288,550526976,10.812,0,FALSE,550526976,525
213,gaussian,grouping,0,TRUE,numeric,gaussian,8,128,250,10,Inf,1000000,1,multisession,1,1000,25,FALSE,TRUE,2,,"",NA,NA,2026-07-07T20:28:17+0200,jullum-ubuntu,4.6.1,1.0.8.9002,b9c5fcd1,649097,ok,0.8906,0.6904,0.667,0.022,0,0,228086520,16,1,10,10,20,0.5229,0.0429,0.0275,0.4471,0.0053,276606976,249618432,2.5,0,FALSE,249618432,238.1
214,gaussian,grouping,1,FALSE,numeric,gaussian,8,128,250,10,Inf,1000000,1,multisession,1,1000,25,FALSE,TRUE,2,,"",NA,NA,2026-07-07T12:30:39+0200,jullum-ubuntu,4.6.1,1.0.8.9002,8e8fd3eb,491113,ok,0.8911,0.6913,0.67,0.02,0,0,228084336,16,1,10,10,20,0.5247,0.0438,0.0284,0.4473,0.0052,,,,,,,
215,gaussian,grouping,2,FALSE,numeric,gaussian,8,128,250,10,Inf,1000000,1,multisession,1,1000,25,FALSE,TRUE,2,,"",NA,NA,2026-07-07T23:03:18+0200,jullum-ubuntu,4.6.1,1.0.8.9002,b9c5fcd1,775587,ok,0.8951,0.6876,0.656,0.031,0,0,228082248,16,1,10,10,20,0.5239,0.0433,0.0276,0.4479,0.0051,276754432,249442304,2.5,0,FALSE,249442304,237.9
216,gaussian,grouping,3,FALSE,numeric,gaussian,8,128,250,10,Inf,1000000,1,multisession,1,1000,25,FALSE,TRUE,2,,"",NA,NA,2026-07-08T00:12:28+0200,jullum-ubuntu,4.6.1,1.0.8.9002,b9c5fcd1,799386,ok,0.8855,0.686,0.662,0.021,0,0,228086520,16,1,10,10,20,0.5226,0.0428,0.0275,0.4472,0.0051,276348928,249638912,2.481,0,FALSE,249638912,238.1
217,gaussian,grouping,0,TRUE,numeric,gaussian,12,128,250,10,Inf,1000000,1,multisession,1,1000,25,FALSE,TRUE,2,,"",NA,NA,2026-07-07T21:49:14+0200,jullum-ubuntu,4.6.1,1.0.8.9002,b9c5fcd1,719121,ok,0.877,0.9611,0.922,0.038,0,0,234222352,64,1,10,10,13,0.7998,0.0426,0.0276,0.7242,0.0054,288944128,264130560,2.744,0,FALSE,264130560,251.9
218,gaussian,grouping,1,FALSE,numeric,gaussian,12,128,250,10,Inf,1000000,1,multisession,1,1000,25,FALSE,TRUE,2,,"",NA,NA,2026-07-07T20:33:57+0200,jullum-ubuntu,4.6.1,1.0.8.9002,b9c5fcd1,658496,ok,0.8914,0.9656,0.934,0.03,0,0,234222456,64,1,10,10,13,0.8021,0.0431,0.0278,0.7258,0.0055,289005568,263450624,2.778,0,FALSE,263450624,251.2
219,gaussian,grouping,2,FALSE,numeric,gaussian,12,128,250,10,Inf,1000000,1,multisession,1,1000,25,FALSE,TRUE,2,,"",NA,NA,2026-07-07T21:48:19+0200,jullum-ubuntu,4.6.1,1.0.8.9002,b9c5fcd1,716016,ok,0.888,0.966,0.937,0.028,0,0,234221712,64,1,10,10,13,0.8042,0.0429,0.0275,0.7284,0.0055,288993280,263794688,2.753,0,FALSE,263794688,251.6
220,gaussian,grouping,3,FALSE,numeric,gaussian,12,128,250,10,Inf,1000000,1,multisession,1,1000,25,FALSE,TRUE,2,,"",NA,NA,2026-07-07T21:55:41+0200,jullum-ubuntu,4.6.1,1.0.8.9002,b9c5fcd1,728939,ok,0.8813,0.9574,0.921,0.035,0,0,234221624,64,1,10,10,13,0.7985,0.0429,0.0273,0.7228,0.0055,289193984,263610368,2.725,0,FALSE,263610368,251.4
221,gaussian,grouping,0,TRUE,numeric,gaussian,20,128,250,10,Inf,1000000,1,multisession,1,1000,25,FALSE,TRUE,2,,"",NA,NA,2026-07-15T23:38:52+0200,jullum-ubuntu,4.6.1,1.0.8.9003,10cc557a,2476142,ok,0.8875,2.7063,2.63,0.075,0,0,248315576,128,1,16,16,8,2.5376,0.0463,0.0296,2.4555,0.0062,320626688,293236736,4.517,0,FALSE,293236736,279.7
222,gaussian,grouping,1,FALSE,numeric,gaussian,20,128,250,10,Inf,1000000,1,multisession,1,1000,25,FALSE,TRUE,2,,"",NA,NA,2026-07-15T23:37:52+0200,jullum-ubuntu,4.6.1,1.0.8.9003,10cc557a,2474979,ok,0.8949,2.6593,2.576,0.082,0,0,248314368,128,1,16,16,8,2.4921,0.0427,0.0274,2.4158,0.0062,318689280,293056512,4.482,0,FALSE,293056512,279.5
223,gaussian,grouping,2,FALSE,numeric,gaussian,20,128,250,10,Inf,1000000,1,multisession,1,1000,25,FALSE,TRUE,2,,"",NA,NA,2026-07-15T23:42:22+0200,jullum-ubuntu,4.6.1,1.0.8.9003,10cc557a,2480500,ok,0.8939,2.7094,2.629,0.079,0,0,248314840,128,1,16,16,8,2.5457,0.0427,0.0272,2.4696,0.0061,320606208,293396480,4.513,0,FALSE,293396480,279.8
224,gaussian,grouping,3,FALSE,numeric,gaussian,20,128,250,10,Inf,1000000,1,multisession,1,1000,25,FALSE,TRUE,2,,"",NA,NA,2026-07-15T23:42:00+0200,jullum-ubuntu,4.6.1,1.0.8.9003,10cc557a,2480259,ok,0.9113,2.6675,2.59,0.077,0,0,248315376,128,1,16,16,8,2.5007,0.0433,0.0276,2.4235,0.0063,320737280,293289984,4.49,0,FALSE,293289984,279.7
225,gaussian,grouping,0,TRUE,numeric,gaussian,30,128,250,10,Inf,1000000,1,multisession,1,1000,25,FALSE,TRUE,2,,"",NA,NA,2026-07-07T21:46:23+0200,jullum-ubuntu,4.6.1,1.0.8.9002,b9c5fcd1,709944,ok,0.8925,2.9689,2.816,0.151,0,0,248318120,128,1,26,26,5,2.8025,0.0429,0.0279,2.7253,0.0064,313819136,288538624,4.787,0,FALSE,288538624,275.2
226,gaussian,grouping,1,FALSE,numeric,gaussian,30,128,250,10,Inf,1000000,1,multisession,1,1000,25,FALSE,TRUE,2,,"",NA,NA,2026-07-08T00:09:06+0200,jullum-ubuntu,4.6.1,1.0.8.9002,b9c5fcd1,792819,ok,0.8843,2.9341,2.785,0.147,0,0,248318112,128,1,26,26,5,2.7716,0.0429,0.0276,2.6949,0.0062,313827328,289304576,4.732,0,FALSE,289304576,275.9
227,gaussian,grouping,2,FALSE,numeric,gaussian,30,128,250,10,Inf,1000000,1,multisession,1,1000,25,FALSE,TRUE,2,,"",NA,NA,2026-07-08T00:07:21+0200,jullum-ubuntu,4.6.1,1.0.8.9002,b9c5fcd1,788327,ok,0.8816,2.9746,2.838,0.135,0,0,248318144,128,1,26,26,5,2.8157,0.0432,0.0277,2.7385,0.0063,313737216,288894976,4.775,0,FALSE,288894976,275.5
228,gaussian,grouping,3,FALSE,numeric,gaussian,30,128,250,10,Inf,1000000,1,multisession,1,1000,25,FALSE,TRUE,2,,"",NA,NA,2026-07-07T20:32:21+0200,jullum-ubuntu,4.6.1,1.0.8.9002,b9c5fcd1,655051,ok,0.8888,2.9465,2.812,0.134,0,0,248318136,128,1,26,26,5,2.7816,0.0433,0.028,2.7041,0.0062,313675776,288768000,4.754,0,FALSE,288768000,275.4
229,gaussian,group_size,0,TRUE,numeric,gaussian,20,128,250,10,Inf,1000000,1,multisession,1,1000,25,FALSE,TRUE,3,,"",NA,NA,2026-07-08T00:10:42+0200,jullum-ubuntu,4.6.1,1.0.8.9002,b9c5fcd1,797079,ok,0.8787,1.7247,1.631,0.092,0,0,248315592,128,1,16,16,8,1.5657,0.0431,0.0277,1.4886,0.0062,318480384,292007936,3.524,0,FALSE,292007936,278.5
230,gaussian,group_size,1,FALSE,numeric,gaussian,20,128,250,10,Inf,1000000,1,multisession,1,1000,25,FALSE,TRUE,3,,"",NA,NA,2026-07-07T20:28:13+0200,jullum-ubuntu,4.6.1,1.0.8.9002,b9c5fcd1,649031,ok,0.8867,1.7253,1.633,0.091,0,0,248315672,128,1,16,16,8,1.5652,0.043,0.0277,1.4881,0.0063,316104704,290553856,3.524,0,FALSE,290553856,277.1
231,gaussian,group_size,2,FALSE,numeric,gaussian,20,128,250,10,Inf,1000000,1,multisession,1,1000,25,FALSE,TRUE,3,,"",NA,NA,2026-07-07T20:29:00+0200,jullum-ubuntu,4.6.1,1.0.8.9002,b9c5fcd1,649880,ok,0.8904,1.7228,1.631,0.091,0,0,248315608,128,1,16,16,8,1.5605,0.0436,0.0278,1.4829,0.0063,316325888,291131392,3.522,0,FALSE,291131392,277.6
232,gaussian,group_size,3,FALSE,numeric,gaussian,20,128,250,10,Inf,1000000,1,multisession,1,1000,25,FALSE,TRUE,3,,"",NA,NA,2026-07-07T19:26:49+0200,jullum-ubuntu,4.6.1,1.0.8.9002,b9c5fcd1,606768,ok,0.9032,1.7114,1.619,0.088,0,0,248315256,128,1,16,16,8,1.5509,0.0426,0.0282,1.4736,0.0065,316116992,291033088,3.51,0,FALSE,291033088,277.6
233,gaussian,group_size,0,TRUE,numeric,gaussian,30,128,250,10,Inf,1000000,1,multisession,1,1000,25,FALSE,TRUE,3,,"",NA,NA,2026-07-15T23:38:33+0200,jullum-ubuntu,4.6.1,1.0.8.9003,10cc557a,2475883,ok,0.9099,3.0433,2.902,0.137,0,0,248318128,128,1,26,26,5,2.8803,0.0435,0.0277,2.8028,0.0062,314814464,289533952,4.894,0,FALSE,289533952,276.1
234,gaussian,group_size,1,FALSE,numeric,gaussian,30,128,250,10,Inf,1000000,1,multisession,1,1000,25,FALSE,TRUE,3,,"",NA,NA,2026-07-15T23:39:52+0200,jullum-ubuntu,4.6.1,1.0.8.9003,10cc557a,2477487,ok,0.9063,3.0386,2.891,0.146,0,0,248318144,128,1,26,26,5,2.8795,0.0434,0.028,2.8018,0.0064,314966016,289357824,4.863,0,FALSE,289357824,276
235,gaussian,group_size,2,FALSE,numeric,gaussian,30,128,250,10,Inf,1000000,1,multisession,1,1000,25,FALSE,TRUE,3,,"",NA,NA,2026-07-15T23:42:30+0200,jullum-ubuntu,4.6.1,1.0.8.9003,10cc557a,2480871,ok,0.9078,3.017,2.86,0.151,0,0,248318144,128,1,26,26,5,2.8535,0.0436,0.0277,2.7761,0.0062,314798080,289423360,4.834,0,FALSE,289423360,276
236,gaussian,group_size,3,FALSE,numeric,gaussian,30,128,250,10,Inf,1000000,1,multisession,1,1000,25,FALSE,TRUE,3,,"",NA,NA,2026-07-15T23:37:05+0200,jullum-ubuntu,4.6.1,1.0.8.9003,10cc557a,2473855,ok,0.8996,3.0371,2.896,0.141,0,0,248318144,128,1,26,26,5,2.8725,0.0435,0.0275,2.7953,0.0062,315092992,289763328,4.833,0,FALSE,289763328,276.3
237,gaussian,group_size,0,TRUE,numeric,gaussian,20,128,250,10,Inf,1000000,1,multisession,1,1000,25,FALSE,TRUE,5,,"",NA,NA,2026-07-07T22:59:04+0200,jullum-ubuntu,4.6.1,1.0.8.9002,b9c5fcd1,768854,ok,0.8881,0.7352,0.719,0.015,0,0,231708232,16,1,10,10,8,0.5766,0.043,0.0276,0.5013,0.0048,281047040,254087168,2.548,0,FALSE,254087168,242.3
238,gaussian,group_size,1,FALSE,numeric,gaussian,20,128,250,10,Inf,1000000,1,multisession,1,1000,25,FALSE,TRUE,5,,"",NA,NA,2026-07-07T20:39:31+0200,jullum-ubuntu,4.6.1,1.0.8.9002,b9c5fcd1,664404,ok,0.8885,0.7326,0.707,0.025,0,0,231737688,16,1,10,10,8,0.5763,0.0426,0.0273,0.5017,0.0047,281309184,254574592,2.532,0,FALSE,254574592,242.8
239,gaussian,group_size,2,FALSE,numeric,gaussian,20,128,250,10,Inf,1000000,1,multisession,1,1000,25,FALSE,TRUE,5,,"",NA,NA,2026-07-08T00:12:31+0200,jullum-ubuntu,4.6.1,1.0.8.9002,b9c5fcd1,799425,ok,0.8819,0.7358,0.715,0.019,0,0,231737704,16,1,10,10,8,0.5785,0.0427,0.0274,0.5036,0.0049,282451968,254861312,2.525,0,FALSE,254861312,243.1
240,gaussian,group_size,3,FALSE,numeric,gaussian,20,128,250,10,Inf,1000000,1,multisession,1,1000,25,FALSE,TRUE,5,,"",NA,NA,2026-07-07T20:36:30+0200,jullum-ubuntu,4.6.1,1.0.8.9002,b9c5fcd1,661274,ok,0.8879,0.7402,0.722,0.018,0,0,231737704,16,1,10,10,8,0.5798,0.0431,0.0278,0.5042,0.0048,283242496,254496768,2.528,0,FALSE,254496768,242.7
241,gaussian,group_size,0,TRUE,numeric,gaussian,30,128,250,10,Inf,1000000,1,multisession,1,1000,25,FALSE,TRUE,5,,"",NA,NA,2026-07-07T19:27:11+0200,jullum-ubuntu,4.6.1,1.0.8.9002,b9c5fcd1,607357,ok,0.8918,1.4258,1.349,0.076,0,0,248317520,64,1,13,13,5,1.2655,0.0433,0.0276,1.1888,0.0057,318058496,292241408,3.227,0,FALSE,292241408,278.7
242,gaussian,group_size,1,FALSE,numeric,gaussian,30,128,250,10,Inf,1000000,1,multisession,1,1000,25,FALSE,TRUE,5,,"",NA,NA,2026-07-07T19:27:03+0200,jullum-ubuntu,4.6.1,1.0.8.9002,b9c5fcd1,607001,ok,0.8871,1.4301,1.354,0.075,0,0,248317456,64,1,13,13,5,1.2678,0.0436,0.0277,1.1907,0.0057,317804544,292622336,3.227,0,FALSE,292622336,279.1
243,gaussian,group_size,2,FALSE,numeric,gaussian,30,128,250,10,Inf,1000000,1,multisession,1,1000,25,FALSE,TRUE,5,,"",NA,NA,2026-07-07T21:42:31+0200,jullum-ubuntu,4.6.1,1.0.8.9002,b9c5fcd1,703015,ok,0.8922,1.4235,1.352,0.072,0,0,248317840,64,1,13,13,5,1.2659,0.0438,0.0297,1.1869,0.0055,317894656,292270080,3.246,0,FALSE,292270080,278.7
244,gaussian,group_size,3,FALSE,numeric,gaussian,30,128,250,10,Inf,1000000,1,multisession,1,1000,25,FALSE,TRUE,5,,"",NA,NA,2026-07-07T21:53:31+0200,jullum-ubuntu,4.6.1,1.0.8.9002,b9c5fcd1,725443,ok,0.8867,1.4281,1.356,0.071,0,0,248317968,64,1,13,13,5,1.2687,0.044,0.0277,1.1916,0.0054,318083072,292626432,3.231,0,FALSE,292626432,279.1
245,gaussian,group_size,0,TRUE,numeric,gaussian,20,128,250,10,Inf,1000000,1,multisession,1,1000,25,FALSE,TRUE,10,,"",NA,NA,2026-07-08T00:09:19+0200,jullum-ubuntu,4.6.1,1.0.8.9002,b9c5fcd1,794535,ok,0.8845,0.5971,0.579,0.017,0,0,210729760,4,1,2,2,8,0.4328,0.043,0.0279,0.3571,0.0048,260001792,232980480,2.382,0,FALSE,232980480,222.2
246,gaussian,group_size,1,FALSE,numeric,gaussian,20,128,250,10,Inf,1000000,1,multisession,1,1000,25,FALSE,TRUE,10,,"",NA,NA,2026-07-07T12:30:42+0200,jullum-ubuntu,4.6.1,1.0.8.9002,8e8fd3eb,491168,ok,0.8862,0.5958,0.579,0.011,0,0,210725800,4,1,2,2,8,0.4329,0.0429,0.0275,0.3577,0.0048,,,,,,,
247,gaussian,group_size,2,FALSE,numeric,gaussian,20,128,250,10,Inf,1000000,1,multisession,1,1000,25,FALSE,TRUE,10,,"",NA,NA,2026-07-08T00:06:27+0200,jullum-ubuntu,4.6.1,1.0.8.9002,b9c5fcd1,786239,ok,0.8831,0.5871,0.576,0.01,0,0,210730680,4,1,2,2,8,0.4242,0.0432,0.0281,0.3482,0.0047,259936256,233029632,2.386,0,FALSE,233029632,222.2
248,gaussian,group_size,3,FALSE,numeric,gaussian,20,128,250,10,Inf,1000000,1,multisession,1,1000,25,FALSE,TRUE,10,,"",NA,NA,2026-07-07T23:04:42+0200,jullum-ubuntu,4.6.1,1.0.8.9002,b9c5fcd1,777208,ok,0.8892,0.6005,0.577,0.017,0,0,210729760,4,1,2,2,8,0.4355,0.043,0.0276,0.3601,0.0048,259846144,232370176,2.406,0,FALSE,232370176,221.6
249,gaussian,group_size,0,TRUE,numeric,gaussian,30,128,250,10,Inf,1000000,1,multisession,1,1000,25,FALSE,TRUE,10,,"",NA,NA,2026-07-07T21:55:28+0200,jullum-ubuntu,4.6.1,1.0.8.9002,b9c5fcd1,728511,ok,0.9076,0.6902,0.67,0.019,0,0,223840344,8,1,6,6,5,0.5341,0.0426,0.0276,0.4592,0.0048,272728064,245616640,2.5,0,FALSE,245616640,234.2
250,gaussian,group_size,1,FALSE,numeric,gaussian,30,128,250,10,Inf,1000000,1,multisession,1,1000,25,FALSE,TRUE,10,,"",NA,NA,2026-07-07T20:37:13+0200,jullum-ubuntu,4.6.1,1.0.8.9002,b9c5fcd1,661752,ok,0.884,0.6817,0.661,0.02,0,0,223841240,8,1,6,6,5,0.5231,0.0427,0.0274,0.4484,0.0046,272535552,245395456,2.484,0,FALSE,245395456,234
251,gaussian,group_size,2,FALSE,numeric,gaussian,30,128,250,10,Inf,1000000,1,multisession,1,1000,25,FALSE,TRUE,10,,"",NA,NA,2026-07-07T23:00:41+0200,jullum-ubuntu,4.6.1,1.0.8.9002,b9c5fcd1,772284,ok,0.8868,0.6959,0.669,0.023,0,0,223841264,8,1,6,6,5,0.5377,0.0434,0.0278,0.4617,0.0048,272510976,246013952,2.533,0,FALSE,246013952,234.6
252,gaussian,group_size,3,FALSE,numeric,gaussian,30,128,250,10,Inf,1000000,1,multisession,1,1000,25,FALSE,TRUE,10,,"",NA,NA,2026-07-07T19:22:35+0200,jullum-ubuntu,4.6.1,1.0.8.9002,b9c5fcd1,598145,ok,0.9044,0.6995,0.684,0.015,0,0,223840312,8,1,6,6,5,0.5396,0.0461,0.0297,0.4592,0.0045,270471168,245248000,2.521,0,FALSE,245248000,233.9
253,gaussian,explain,0,TRUE,numeric,gaussian,12,128,250,10,Inf,1000000,1,multisession,1,1000,1,FALSE,FALSE,2,,"",NA,NA,2026-07-07T23:05:51+0200,jullum-ubuntu,4.6.1,1.0.8.9002,b9c5fcd1,778648,ok,0.893,1.5308,1.508,0.021,0,0,218212160,128,1,10,10,333,1.3676,0.0442,0.0276,1.2901,0.0057,271515648,244731904,3.351,0,FALSE,244731904,233.4
254,gaussian,explain,1,FALSE,numeric,gaussian,12,128,250,10,Inf,1000000,1,multisession,1,1000,1,FALSE,FALSE,2,,"",NA,NA,2026-07-07T20:32:37+0200,jullum-ubuntu,4.6.1,1.0.8.9002,b9c5fcd1,655231,ok,0.9069,1.5289,1.506,0.022,0,0,218014608,128,1,10,10,333,1.3616,0.043,0.0276,1.2851,0.0058,271888384,244797440,3.346,0,FALSE,244797440,233.5
255,gaussian,explain,2,FALSE,numeric,gaussian,12,128,250,10,Inf,1000000,1,multisession,1,1000,1,FALSE,FALSE,2,,"",NA,NA,2026-07-08T00:10:03+0200,jullum-ubuntu,4.6.1,1.0.8.9002,b9c5fcd1,794925,ok,0.8819,1.5786,1.553,0.023,0,0,218391984,128,1,10,10,333,1.4147,0.0426,0.0274,1.3389,0.0058,272351232,245723136,3.384,0,FALSE,245723136,234.3
256,gaussian,explain,3,FALSE,numeric,gaussian,12,128,250,10,Inf,1000000,1,multisession,1,1000,1,FALSE,FALSE,2,,"",NA,NA,2026-07-07T20:37:27+0200,jullum-ubuntu,4.6.1,1.0.8.9002,b9c5fcd1,662248,ok,0.8913,1.4996,1.474,0.024,0,0,218328192,128,1,10,10,333,1.336,0.043,0.0274,1.2599,0.0057,270340096,243740672,3.299,0,FALSE,243740672,232.4
257,gaussian,explain,0,TRUE,numeric,gaussian,12,128,250,10,Inf,1000000,1,multisession,1,1000,5,FALSE,FALSE,2,,"",NA,NA,2026-07-08T00:06:17+0200,jullum-ubuntu,4.6.1,1.0.8.9002,b9c5fcd1,786022,ok,0.8823,1.6128,1.583,0.028,0,0,234243744,128,1,10,10,66,1.4497,0.0424,0.0274,1.3742,0.0057,285261824,258322432,3.387,0,FALSE,258322432,246.4
258,gaussian,explain,1,FALSE,numeric,gaussian,12,128,250,10,Inf,1000000,1,multisession,1,1000,5,FALSE,FALSE,2,,"",NA,NA,2026-07-08T00:09:53+0200,jullum-ubuntu,4.6.1,1.0.8.9002,b9c5fcd1,794828,ok,0.8809,1.5979,1.573,0.022,0,0,234239960,128,1,10,10,66,1.4355,0.0429,0.0275,1.3593,0.0057,285822976,258768896,3.389,0,FALSE,258768896,246.8
259,gaussian,explain,2,FALSE,numeric,gaussian,12,128,250,10,Inf,1000000,1,multisession,1,1000,5,FALSE,FALSE,2,,"",NA,NA,2026-07-07T21:56:08+0200,jullum-ubuntu,4.6.1,1.0.8.9002,b9c5fcd1,730341,ok,0.8846,1.615,1.589,0.025,0,0,234243328,128,1,10,10,66,1.4527,0.0421,0.0272,1.3778,0.0057,285511680,258101248,3.394,0,FALSE,258101248,246.1
260,gaussian,explain,3,FALSE,numeric,gaussian,12,128,250,10,Inf,1000000,1,multisession,1,1000,5,FALSE,FALSE,2,,"",NA,NA,2026-07-07T19:27:07+0200,jullum-ubuntu,4.6.1,1.0.8.9002,b9c5fcd1,607064,ok,0.9081,1.6757,1.634,0.041,0,0,234242272,128,1,10,10,66,1.5089,0.0438,0.028,1.4312,0.0059,285495296,258068480,3.486,0,FALSE,258068480,246.1
261,gaussian,explain,0,TRUE,numeric,gaussian,12,128,250,10,Inf,1000000,1,multisession,1,1000,10,FALSE,FALSE,2,,"",NA,NA,2026-07-07T21:56:35+0200,jullum-ubuntu,4.6.1,1.0.8.9002,b9c5fcd1,731118,ok,0.901,1.7898,1.748,0.042,0,0,234195024,128,1,10,10,33,1.6219,0.0457,0.0292,1.5412,0.0058,291328000,264327168,3.611,0,FALSE,264327168,252.1
262,gaussian,explain,1,FALSE,numeric,gaussian,12,128,250,10,Inf,1000000,1,multisession,1,1000,10,FALSE,FALSE,2,,"",NA,NA,2026-07-07T20:37:20+0200,jullum-ubuntu,4.6.1,1.0.8.9002,b9c5fcd1,662115,ok,0.884,1.7446,1.707,0.036,0,0,234195104,128,1,10,10,33,1.5823,0.0422,0.0271,1.5072,0.0058,291172352,264466432,3.54,0,FALSE,264466432,252.2
263,gaussian,explain,2,FALSE,numeric,gaussian,12,128,250,10,Inf,1000000,1,multisession,1,1000,10,FALSE,FALSE,2,,"",NA,NA,2026-07-08T00:09:22+0200,jullum-ubuntu,4.6.1,1.0.8.9002,b9c5fcd1,794574,ok,0.8944,1.7853,1.749,0.034,0,0,234199208,128,1,10,10,33,1.6218,0.0426,0.0274,1.5458,0.006,291467264,264585216,3.577,0,FALSE,264585216,252.3
264,gaussian,explain,3,FALSE,numeric,gaussian,12,128,250,10,Inf,1000000,1,multisession,1,1000,10,FALSE,FALSE,2,,"",NA,NA,2026-07-07T20:28:25+0200,jullum-ubuntu,4.6.1,1.0.8.9002,b9c5fcd1,649201,ok,0.8896,1.7348,1.696,0.037,0,0,234195232,128,1,10,10,33,1.5708,0.0426,0.0276,1.4946,0.0059,291422208,264216576,3.546,0,FALSE,264216576,252
265,gaussian,explain,0,TRUE,numeric,gaussian,12,128,250,10,Inf,1000000,1,multisession,1,1000,50,FALSE,FALSE,2,,"",NA,NA,2026-07-07T22:58:58+0200,jullum-ubuntu,4.6.1,1.0.8.9002,b9c5fcd1,768545,ok,0.8868,3.1908,3.098,0.091,0,0,248207072,128,1,22,22,6,3.025,0.0425,0.0273,2.9486,0.0065,319909888,294150144,4.998,0,FALSE,294150144,280.5
266,gaussian,explain,1,FALSE,numeric,gaussian,12,128,250,10,Inf,1000000,1,multisession,1,1000,50,FALSE,FALSE,2,,"",NA,NA,2026-07-07T19:21:20+0200,jullum-ubuntu,4.6.1,1.0.8.9002,b9c5fcd1,594262,ok,0.9128,3.1033,2.992,0.11,0,0,248311648,128,1,22,22,6,2.9411,0.0432,0.0274,2.8636,0.0069,308105216,285855744,4.933,0,FALSE,285855744,272.6
267,gaussian,explain,2,FALSE,numeric,gaussian,12,128,250,10,Inf,1000000,1,multisession,1,1000,50,FALSE,FALSE,2,,"",NA,NA,2026-07-07T19:25:15+0200,jullum-ubuntu,4.6.1,1.0.8.9002,b9c5fcd1,603944,ok,0.878,3.0586,2.954,0.103,0,0,248309880,128,1,22,22,6,2.8961,0.0416,0.0269,2.8211,0.0066,311234560,286191616,4.858,0,FALSE,286191616,272.9
268,gaussian,explain,3,FALSE,numeric,gaussian,12,128,250,10,Inf,1000000,1,multisession,1,1000,50,FALSE,FALSE,2,,"",NA,NA,2026-07-08T00:06:30+0200,jullum-ubuntu,4.6.1,1.0.8.9002,b9c5fcd1,786278,ok,0.8876,3.1819,3.09,0.089,0,0,248211328,128,1,22,22,6,3.0228,0.0429,0.0275,2.9457,0.0067,319856640,294875136,4.985,0,FALSE,294875136,281.2
269,gaussian,explain,0,TRUE,numeric,gaussian,12,128,250,10,Inf,1000000,1,multisession,1,1000,100,FALSE,FALSE,2,,"",NA,NA,2026-07-07T20:28:47+0200,jullum-ubuntu,4.6.1,1.0.8.9002,b9c5fcd1,649772,ok,0.8841,4.7874,4.673,0.113,0,0,248460600,128,1,43,43,3,4.6228,0.0428,0.0275,4.5455,0.007,320933888,295485440,6.605,0,FALSE,295485440,281.8
270,gaussian,explain,1,FALSE,numeric,gaussian,12,128,250,10,Inf,1000000,1,multisession,1,1000,100,FALSE,FALSE,2,,"",NA,NA,2026-07-07T23:00:51+0200,jullum-ubuntu,4.6.1,1.0.8.9002,b9c5fcd1,772452,ok,0.8807,4.7713,4.663,0.106,0,0,248456464,128,1,43,43,3,4.6073,0.0425,0.0273,4.5306,0.0069,320876544,295845888,6.588,0,FALSE,295845888,282.1
271,gaussian,explain,2,FALSE,numeric,gaussian,12,128,250,10,Inf,1000000,1,multisession,1,1000,100,FALSE,FALSE,2,,"",NA,NA,2026-07-07T21:48:03+0200,jullum-ubuntu,4.6.1,1.0.8.9002,b9c5fcd1,714268,ok,0.8912,4.7936,4.679,0.113,0,0,248456752,128,1,43,43,3,4.6281,0.043,0.0276,4.5506,0.007,320851968,295370752,6.626,0,FALSE,295370752,281.7
272,gaussian,explain,3,FALSE,numeric,gaussian,12,128,250,10,Inf,1000000,1,multisession,1,1000,100,FALSE,FALSE,2,,"",NA,NA,2026-07-08T00:06:56+0200,jullum-ubuntu,4.6.1,1.0.8.9002,b9c5fcd1,786517,ok,0.8768,4.7697,4.658,0.108,0,0,248460592,128,1,43,43,3,4.6062,0.0423,0.0272,4.5297,0.007,320811008,295870464,6.577,0,FALSE,295870464,282.2
273,gaussian,parallel_batching,0,TRUE,numeric,gaussian,12,128,250,8,Inf,1000000,1,multisession,1,1000,25,FALSE,FALSE,2,,"",NA,NA,2026-07-07T22:56:58+0200,jullum-ubuntu,4.6.1,1.0.8.9002,b9c5fcd1,766199,ok,0.9098,2.2795,2.217,0.061,0,0,248906120,128,1,10,10,13,2.1152,0.0428,0.0278,2.0385,0.0061,311496704,285843456,4.117,0,FALSE,285843456,272.6
274,gaussian,parallel_batching,1,FALSE,numeric,gaussian,12,128,250,8,Inf,1000000,1,multisession,1,1000,25,FALSE,FALSE,2,,"",NA,NA,2026-07-08T00:07:39+0200,jullum-ubuntu,4.6.1,1.0.8.9002,b9c5fcd1,788463,ok,0.8891,2.2628,2.186,0.075,0,0,248909672,128,1,10,10,13,2.0979,0.043,0.0272,2.0215,0.0062,311398400,286932992,4.084,0,FALSE,286932992,273.6
275,gaussian,parallel_batching,2,FALSE,numeric,gaussian,12,128,250,8,Inf,1000000,1,multisession,1,1000,25,FALSE,FALSE,2,,"",NA,NA,2026-07-07T21:55:47+0200,jullum-ubuntu,4.6.1,1.0.8.9002,b9c5fcd1,729032,ok,0.8847,2.2808,2.225,0.054,0,0,248907400,128,1,10,10,13,2.116,0.043,0.0277,2.0392,0.0062,311332864,285609984,4.1,0,FALSE,285609984,272.4
276,gaussian,parallel_batching,3,FALSE,numeric,gaussian,12,128,250,8,Inf,1000000,1,multisession,1,1000,25,FALSE,FALSE,2,,"",NA,NA,2026-07-07T19:25:11+0200,jullum-ubuntu,4.6.1,1.0.8.9002,b9c5fcd1,603847,ok,0.8913,2.3516,2.287,0.063,0,0,248906376,128,1,10,10,13,2.1854,0.0431,0.0276,2.1086,0.0062,311255040,285564928,4.145,0,FALSE,285564928,272.3
277,gaussian,parallel_batching,0,TRUE,numeric,gaussian,12,128,250,8,Inf,1000000,2,multisession,1,1000,25,FALSE,FALSE,2,,"",NA,NA,2026-07-07T23:04:29+0200,jullum-ubuntu,4.6.1,1.0.8.9002,b9c5fcd1,776707,ok,0.78,2.9922,1.574,0.02,0,0,184706152,128,1,10,10,13,2.8301,0.045,0.0283,2.7504,0.0065,815636480,733126656,5.411,0,FALSE,733126656,699.2
278,gaussian,parallel_batching,1,FALSE,numeric,gaussian,12,128,250,8,Inf,1000000,2,multisession,1,1000,25,FALSE,FALSE,2,,"",NA,NA,2026-07-07T21:52:10+0200,jullum-ubuntu,4.6.1,1.0.8.9002,b9c5fcd1,723130,ok,0.7862,2.9337,1.518,0.018,0,0,183096384,128,1,10,10,13,2.7708,0.0438,0.0274,2.6935,0.0062,812847104,730095616,5.363,0,FALSE,730095616,696.3
279,gaussian,parallel_batching,2,FALSE,numeric,gaussian,12,128,250,8,Inf,1000000,2,multisession,1,1000,25,FALSE,FALSE,2,,"",NA,NA,2026-07-07T19:21:04+0200,jullum-ubuntu,4.6.1,1.0.8.9002,b9c5fcd1,593942,ok,0.7926,2.9894,1.553,0.017,0,0,184518608,128,1,10,10,13,2.825,0.0428,0.0272,2.7446,0.0105,816062464,733622272,5.447,0,FALSE,733622272,699.6
280,gaussian,parallel_batching,3,FALSE,numeric,gaussian,12,128,250,8,Inf,1000000,2,multisession,1,1000,25,FALSE,FALSE,2,,"",NA,NA,2026-07-07T20:27:40+0200,jullum-ubuntu,4.6.1,1.0.8.9002,b9c5fcd1,647968,ok,0.7991,2.9159,1.493,0.017,0,0,182954936,128,1,10,10,13,2.7435,0.0437,0.0279,2.666,0.0059,813174784,730951680,5.335,0,FALSE,730951680,697.1
281,gaussian,parallel_batching,0,TRUE,numeric,gaussian,12,128,250,8,Inf,1000000,4,multisession,1,1000,25,FALSE,FALSE,2,,"",NA,NA,2026-07-07T21:48:34+0200,jullum-ubuntu,4.6.1,1.0.8.9002,b9c5fcd1,718104,ok,0.7741,2.8597,1.595,0.017,0,0,184343112,128,1,10,10,13,2.6958,0.0434,0.0277,2.6143,0.0104,1342664704,1206714368,5.286,0,FALSE,1206714368,1150.8
282,gaussian,parallel_batching,1,FALSE,numeric,gaussian,12,128,250,8,Inf,1000000,4,multisession,1,1000,25,FALSE,FALSE,2,,"",NA,NA,2026-07-07T21:47:17+0200,jullum-ubuntu,4.6.1,1.0.8.9002,b9c5fcd1,713166,ok,0.7838,2.8938,1.616,0.01,0,0,184696360,128,1,10,10,13,2.7296,0.0432,0.0275,2.6526,0.0063,1339981824,1206808576,5.32,0,FALSE,1206808576,1150.9
283,gaussian,parallel_batching,2,FALSE,numeric,gaussian,12,128,250,8,Inf,1000000,4,multisession,1,1000,25,FALSE,FALSE,2,,"",NA,NA,2026-07-08T00:10:07+0200,jullum-ubuntu,4.6.1,1.0.8.9002,b9c5fcd1,794965,ok,0.7837,2.8701,1.6,0.012,0,0,184952280,128,1,10,10,13,2.7007,0.043,0.0275,2.6241,0.0061,1342717952,1208061952,5.317,0,FALSE,1208061952,1152.1
284,gaussian,parallel_batching,3,FALSE,numeric,gaussian,12,128,250,8,Inf,1000000,4,multisession,1,1000,25,FALSE,FALSE,2,,"",NA,NA,2026-07-07T20:35:55+0200,jullum-ubuntu,4.6.1,1.0.8.9002,b9c5fcd1,660617,ok,0.7966,2.8343,1.58,0.019,0,0,185050224,128,1,10,10,13,2.6659,0.0438,0.028,2.5878,0.0063,1341673472,1208074240,5.318,0,FALSE,1208074240,1152.1
285,gaussian,parallel_batching,0,TRUE,numeric,gaussian,12,128,250,8,Inf,1000000,8,multisession,1,1000,25,FALSE,FALSE,2,,"",NA,NA,2026-07-07T19:22:22+0200,jullum-ubuntu,4.6.1,1.0.8.9002,b9c5fcd1,596556,ok,0.7876,2.9507,1.644,0.018,0,0,184296648,128,1,10,10,13,2.7811,0.0434,0.0279,2.7035,0.0063,2367840256,2127687680,5.555,0,FALSE,2127687680,2029.1
286,gaussian,parallel_batching,1,FALSE,numeric,gaussian,12,128,250,8,Inf,1000000,8,multisession,1,1000,25,FALSE,FALSE,2,,"",NA,NA,2026-07-07T21:54:51+0200,jullum-ubuntu,4.6.1,1.0.8.9002,b9c5fcd1,727429,ok,0.7905,2.8909,1.628,0.024,0,0,184146152,128,1,10,10,13,2.7222,0.0438,0.0276,2.6446,0.0062,2364948480,2127978496,5.514,0,FALSE,2127978496,2029.4
287,gaussian,parallel_batching,2,FALSE,numeric,gaussian,12,128,250,8,Inf,1000000,8,multisession,1,1000,25,FALSE,FALSE,2,,"",NA,NA,2026-07-07T22:58:22+0200,jullum-ubuntu,4.6.1,1.0.8.9002,b9c5fcd1,767490,ok,0.776,2.9598,1.63,0.012,0,0,184787312,128,1,10,10,13,2.7982,0.0428,0.0273,2.7219,0.0063,2363039744,2128048128,5.571,0,FALSE,2128048128,2029.5
288,gaussian,parallel_batching,3,FALSE,numeric,gaussian,12,128,250,8,Inf,1000000,8,multisession,1,1000,25,FALSE,FALSE,2,,"",NA,NA,2026-07-07T19:22:12+0200,jullum-ubuntu,4.6.1,1.0.8.9002,b9c5fcd1,595938,ok,0.7844,2.9385,1.638,0.025,0,0,184667304,128,1,10,10,13,2.7633,0.043,0.0281,2.686,0.0062,2366750720,2127568896,5.528,0,FALSE,2127568896,2029
289,gaussian,parallel_batching,0,TRUE,numeric,gaussian,12,128,250,8,Inf,1000000,16,multisession,1,1000,25,FALSE,FALSE,2,,"",NA,NA,2026-07-07T19:22:29+0200,jullum-ubuntu,4.6.1,1.0.8.9002,b9c5fcd1,597073,ok,0.7714,2.9733,1.678,0.023,0,0,184890440,128,1,10,10,13,2.8039,0.0435,0.0278,2.7265,0.0062,3382259712,2975252480,5.731,0,FALSE,2975252480,2837.4
290,gaussian,parallel_batching,1,FALSE,numeric,gaussian,12,128,250,8,Inf,1000000,16,multisession,1,1000,25,FALSE,FALSE,2,,"",NA,NA,2026-07-07T21:53:40+0200,jullum-ubuntu,4.6.1,1.0.8.9002,b9c5fcd1,725630,ok,0.7689,2.8874,1.629,0.022,0,0,183203080,128,1,10,10,13,2.7249,0.0433,0.0275,2.648,0.0061,3377557504,2973478912,5.632,0,FALSE,2973478912,2835.7
291,gaussian,parallel_batching,2,FALSE,numeric,gaussian,12,128,250,8,Inf,1000000,16,multisession,1,1000,25,FALSE,FALSE,2,,"",NA,NA,2026-07-08T00:07:45+0200,jullum-ubuntu,4.6.1,1.0.8.9002,b9c5fcd1,788514,ok,0.7756,2.9436,1.673,0.018,0,0,184705976,128,1,10,10,13,2.7798,0.0435,0.0276,2.7025,0.0062,3379138560,2975174656,5.714,0,FALSE,2975174656,2837.3
292,gaussian,parallel_batching,3,FALSE,numeric,gaussian,12,128,250,8,Inf,1000000,16,multisession,1,1000,25,FALSE,FALSE,2,,"",NA,NA,2026-07-07T20:39:34+0200,jullum-ubuntu,4.6.1,1.0.8.9002,b9c5fcd1,664443,ok,0.7718,2.9551,1.673,0.029,0,0,184637872,128,1,10,10,13,2.7879,0.0452,0.0283,2.7081,0.0063,3378552832,2973671424,5.716,0,FALSE,2973671424,2835.9
293,gaussian,parallel_batching,0,TRUE,numeric,gaussian,12,128,250,8,Inf,1000000,32,multisession,1,1000,25,FALSE,FALSE,2,,"",NA,NA,2026-07-07T21:48:23+0200,jullum-ubuntu,4.6.1,1.0.8.9002,b9c5fcd1,716318,ok,0.7625,2.9734,1.681,0.027,0,0,185477384,128,1,10,10,13,2.8106,0.0429,0.0275,2.7341,0.0062,4671520768,3960258560,6.142,0,FALSE,3960258560,3776.8
294,gaussian,parallel_batching,1,FALSE,numeric,gaussian,12,128,250,8,Inf,1000000,32,multisession,1,1000,25,FALSE,FALSE,2,,"",NA,NA,2026-07-08T00:10:25+0200,jullum-ubuntu,4.6.1,1.0.8.9002,b9c5fcd1,795359,ok,0.7653,2.9656,1.733,0.02,0,0,188047064,128,1,10,10,13,2.8019,0.0436,0.0274,2.7246,0.0063,4673335296,3962601472,6.164,0,FALSE,3962601472,3779
295,gaussian,parallel_batching,2,FALSE,numeric,gaussian,12,128,250,8,Inf,1000000,32,multisession,1,1000,25,FALSE,FALSE,2,,"",NA,NA,2026-07-07T20:31:07+0200,jullum-ubuntu,4.6.1,1.0.8.9002,b9c5fcd1,652357,ok,0.7794,2.9389,1.666,0.032,0,0,185398640,128,1,10,10,13,2.7745,0.0433,0.0276,2.6975,0.0061,4666691584,3959664640,6.146,0,FALSE,3959664640,3776.2
296,gaussian,parallel_batching,3,FALSE,numeric,gaussian,12,128,250,8,Inf,1000000,32,multisession,1,1000,25,FALSE,FALSE,2,,"",NA,NA,2026-07-08T00:12:13+0200,jullum-ubuntu,4.6.1,1.0.8.9002,b9c5fcd1,797615,ok,0.7647,2.9058,1.643,0.02,0,0,185054176,128,1,10,10,13,2.7349,0.0427,0.0273,2.6586,0.0062,4667363328,3959562240,6.063,0,FALSE,3959562240,3776.1
297,gaussian,parallel_batching,0,TRUE,numeric,gaussian,12,128,250,32,Inf,1000000,1,multisession,1,1000,25,FALSE,FALSE,2,,"",NA,NA,2026-07-07T22:57:39+0200,jullum-ubuntu,4.6.1,1.0.8.9002,b9c5fcd1,766916,ok,0.8833,2.3141,2.275,0.037,0,0,234251000,128,1,32,32,13,2.1482,0.0421,0.0274,2.0724,0.0063,289255424,264126464,4.116,0,FALSE,264126464,251.9
298,gaussian,parallel_batching,1,FALSE,numeric,gaussian,12,128,250,32,Inf,1000000,1,multisession,1,1000,25,FALSE,FALSE,2,,"",NA,NA,2026-07-07T23:04:52+0200,jullum-ubuntu,4.6.1,1.0.8.9002,b9c5fcd1,777410,ok,0.8933,2.3331,2.289,0.042,0,0,234249880,128,1,32,32,13,2.1636,0.0439,0.0274,2.0861,0.0062,289214464,263741440,4.138,0,FALSE,263741440,251.5
299,gaussian,parallel_batching,2,FALSE,numeric,gaussian,12,128,250,32,Inf,1000000,1,multisession,1,1000,25,FALSE,FALSE,2,,"",NA,NA,2026-07-07T20:37:31+0200,jullum-ubuntu,4.6.1,1.0.8.9002,b9c5fcd1,662302,ok,0.8918,2.311,2.269,0.039,0,0,234251000,128,1,32,32,13,2.151,0.0435,0.0286,2.0727,0.0062,289357824,264368128,4.106,0,FALSE,264368128,252.1
300,gaussian,parallel_batching,3,FALSE,numeric,gaussian,12,128,250,32,Inf,1000000,1,multisession,1,1000,25,FALSE,FALSE,2,,"",NA,NA,2026-07-07T20:28:20+0200,jullum-ubuntu,4.6.1,1.0.8.9002,b9c5fcd1,649147,ok,0.8924,2.3545,2.297,0.052,0,0,234249872,128,1,32,32,13,2.189,0.0429,0.0279,2.112,0.0062,289193984,263880704,4.167,0,FALSE,263880704,251.7
301,gaussian,parallel_batching,0,TRUE,numeric,gaussian,12,128,250,32,Inf,1000000,2,multisession,1,1000,25,FALSE,FALSE,2,,"",NA,NA,2026-07-08T00:06:21+0200,jullum-ubuntu,4.6.1,1.0.8.9002,b9c5fcd1,786061,ok,0.7905,2.9757,1.544,0.015,0,0,183125648,128,1,32,32,13,2.8134,0.0433,0.0275,2.7365,0.0061,793665536,712491008,5.406,0,FALSE,712491008,679.5
302,gaussian,parallel_batching,1,FALSE,numeric,gaussian,12,128,250,32,Inf,1000000,2,multisession,1,1000,25,FALSE,FALSE,2,,"",NA,NA,2026-07-07T19:25:01+0200,jullum-ubuntu,4.6.1,1.0.8.9002,b9c5fcd1,603304,ok,0.7862,2.9897,1.535,0.013,0,0,182939424,128,1,32,32,13,2.8215,0.0435,0.0275,2.7437,0.0067,790757376,709517312,5.427,0,FALSE,709517312,676.6
303,gaussian,parallel_batching,2,FALSE,numeric,gaussian,12,128,250,32,Inf,1000000,2,multisession,1,1000,25,FALSE,FALSE,2,,"",NA,NA,2026-07-08T00:09:00+0200,jullum-ubuntu,4.6.1,1.0.8.9002,b9c5fcd1,792639,ok,0.7964,2.9686,1.541,0.016,0,0,182885256,128,1,32,32,13,2.8051,0.0456,0.0282,2.7248,0.0065,793513984,712617984,5.414,0,FALSE,712617984,679.6
304,gaussian,parallel_batching,3,FALSE,numeric,gaussian,12,128,250,32,Inf,1000000,2,multisession,1,1000,25,FALSE,FALSE,2,,"",NA,NA,2026-07-07T19:26:31+0200,jullum-ubuntu,4.6.1,1.0.8.9002,b9c5fcd1,605231,ok,0.8218,2.9998,1.554,0.015,0,0,182961296,128,1,32,32,13,2.8347,0.043,0.0273,2.7581,0.0063,793051136,709455872,5.477,0,FALSE,709455872,676.6
305,gaussian,parallel_batching,0,TRUE,numeric,gaussian,12,128,250,32,Inf,1000000,4,multisession,1,1000,25,FALSE,FALSE,2,,"",NA,NA,2026-07-07T21:53:15+0200,jullum-ubuntu,4.6.1,1.0.8.9002,b9c5fcd1,724783,ok,0.777,2.8095,1.562,0.014,0,0,183032600,128,1,32,32,13,2.6476,0.0432,0.0276,2.5708,0.0061,1328332800,1195036672,5.315,0,FALSE,1195036672,1139.7
306,gaussian,parallel_batching,1,FALSE,numeric,gaussian,12,128,250,32,Inf,1000000,4,multisession,1,1000,25,FALSE,FALSE,2,,"",NA,NA,2026-07-07T19:23:37+0200,jullum-ubuntu,4.6.1,1.0.8.9002,b9c5fcd1,599549,ok,0.7959,2.8348,1.585,0.024,0,0,184382024,128,1,32,32,13,2.6692,0.0434,0.0285,2.5872,0.0101,1333329920,1197391872,5.377,0,FALSE,1197391872,1141.9
307,gaussian,parallel_batching,2,FALSE,numeric,gaussian,12,128,250,32,Inf,1000000,4,multisession,1,1000,25,FALSE,FALSE,2,,"",NA,NA,2026-07-07T19:25:21+0200,jullum-ubuntu,4.6.1,1.0.8.9002,b9c5fcd1,604039,ok,0.7836,2.8561,1.597,0.022,0,0,184938416,128,1,32,32,13,2.6815,0.0429,0.0285,2.6033,0.0068,1332105216,1197961216,5.314,0,FALSE,1197961216,1142.5
308,gaussian,parallel_batching,3,FALSE,numeric,gaussian,12,128,250,32,Inf,1000000,4,multisession,1,1000,25,FALSE,FALSE,2,,"",NA,NA,2026-07-07T20:28:03+0200,jullum-ubuntu,4.6.1,1.0.8.9002,b9c5fcd1,648430,ok,0.7872,2.8498,1.594,0.026,0,0,184433696,128,1,32,32,13,2.679,0.0429,0.0279,2.5972,0.0111,1332011008,1197621248,5.333,0,FALSE,1197621248,1142.1
309,gaussian,parallel_batching,0,TRUE,numeric,gaussian,12,128,250,32,Inf,1000000,8,multisession,1,1000,25,FALSE,FALSE,2,,"",NA,NA,2026-07-07T23:01:03+0200,jullum-ubuntu,4.6.1,1.0.8.9002,b9c5fcd1,772785,ok,0.7791,2.872,1.598,0.027,0,0,184366232,128,1,32,32,13,2.7037,0.0446,0.0272,2.6256,0.0062,2400243712,2161569792,5.447,0,FALSE,2161569792,2061.4
310,gaussian,parallel_batching,1,FALSE,numeric,gaussian,12,128,250,32,Inf,1000000,8,multisession,1,1000,25,FALSE,FALSE,2,,"",NA,NA,2026-07-07T21:49:25+0200,jullum-ubuntu,4.6.1,1.0.8.9002,b9c5fcd1,719617,ok,0.7821,2.933,1.649,0.021,0,0,184526584,128,1,32,32,13,2.7697,0.0434,0.0277,2.6923,0.0062,2395754496,2162204672,5.507,0,FALSE,2162204672,2062
311,gaussian,parallel_batching,2,FALSE,numeric,gaussian,12,128,250,32,Inf,1000000,8,multisession,1,1000,25,FALSE,FALSE,2,,"",NA,NA,2026-07-07T20:41:14+0200,jullum-ubuntu,4.6.1,1.0.8.9002,b9c5fcd1,666737,ok,0.787,2.8959,1.624,0.017,0,0,184250048,128,1,32,32,13,2.7277,0.043,0.0275,2.6509,0.0063,2398670848,2162089984,5.483,0,FALSE,2162089984,2061.9
312,gaussian,parallel_batching,3,FALSE,numeric,gaussian,12,128,250,32,Inf,1000000,8,multisession,1,1000,25,FALSE,FALSE,2,,"",NA,NA,2026-07-07T21:49:40+0200,jullum-ubuntu,4.6.1,1.0.8.9002,b9c5fcd1,720228,ok,0.7812,2.9012,1.652,0.024,0,0,184104192,128,1,32,32,13,2.7369,0.0434,0.0276,2.6597,0.0062,2401140736,2162679808,5.515,0,FALSE,2162679808,2062.5
313,gaussian,parallel_batching,0,TRUE,numeric,gaussian,12,128,250,32,Inf,1000000,16,multisession,1,1000,25,FALSE,FALSE,2,,"",NA,NA,2026-07-07T22:59:57+0200,jullum-ubuntu,4.6.1,1.0.8.9002,b9c5fcd1,770377,ok,0.7699,3.2064,1.761,0.03,0,0,184629528,128,1,32,32,13,3.0398,0.0434,0.0276,2.9626,0.0061,4299059200,3846057984,5.985,0,FALSE,3846057984,3667.9
314,gaussian,parallel_batching,1,FALSE,numeric,gaussian,12,128,250,32,Inf,1000000,16,multisession,1,1000,25,FALSE,FALSE,2,,"",NA,NA,2026-07-07T21:43:16+0200,jullum-ubuntu,4.6.1,1.0.8.9002,b9c5fcd1,705568,ok,0.7814,3.2017,1.766,0.033,0,0,184684088,128,1,32,32,13,3.0396,0.043,0.0275,2.9631,0.0061,4289945600,3844886528,5.969,0,FALSE,3844886528,3666.8
315,gaussian,parallel_batching,2,FALSE,numeric,gaussian,12,128,250,32,Inf,1000000,16,multisession,1,1000,25,FALSE,FALSE,2,,"",NA,NA,2026-07-07T20:30:44+0200,jullum-ubuntu,4.6.1,1.0.8.9002,b9c5fcd1,651355,ok,0.7813,3.2684,1.761,0.025,0,0,185780408,128,1,32,32,13,3.1052,0.0429,0.0275,3.0243,0.0106,4295413760,3847229440,6.092,0,FALSE,3847229440,3669
316,gaussian,parallel_batching,3,FALSE,numeric,gaussian,12,128,250,32,Inf,1000000,16,multisession,1,1000,25,FALSE,FALSE,2,,"",NA,NA,2026-07-08T00:08:52+0200,jullum-ubuntu,4.6.1,1.0.8.9002,b9c5fcd1,791750,ok,0.7678,3.2342,1.813,0.032,0,0,184755968,128,1,32,32,13,3.0706,0.0433,0.0276,2.9934,0.0062,4292657152,3844816896,5.964,0,FALSE,3844816896,3666.7
317,gaussian,parallel_batching,0,TRUE,numeric,gaussian,12,128,250,32,Inf,1000000,32,multisession,1,1000,25,FALSE,FALSE,2,,"",NA,NA,2026-07-07T19:23:43+0200,jullum-ubuntu,4.6.1,1.0.8.9002,b9c5fcd1,599983,ok,0.7853,4.2608,2.044,0.045,0,0,184941744,128,1,32,32,13,4.0902,0.0435,0.0275,4.0125,0.0067,8175706112,7308324864,7.605,0,FALSE,7308324864,6969.8
318,gaussian,parallel_batching,1,FALSE,numeric,gaussian,12,128,250,32,Inf,1000000,32,multisession,1,1000,25,FALSE,FALSE,2,,"",NA,NA,2026-07-07T20:33:06+0200,jullum-ubuntu,4.6.1,1.0.8.9002,b9c5fcd1,656003,ok,0.774,4.2654,2.065,0.036,0,0,185469776,128,1,32,32,13,4.1015,0.0432,0.0274,4.0249,0.0061,8179175424,7308431360,7.618,0,FALSE,7308431360,6969.9
319,gaussian,parallel_batching,2,FALSE,numeric,gaussian,12,128,250,32,Inf,1000000,32,multisession,1,1000,25,FALSE,FALSE,2,,"",NA,NA,2026-07-07T21:48:11+0200,jullum-ubuntu,4.6.1,1.0.8.9002,b9c5fcd1,714322,ok,0.7634,4.1279,1.963,0.048,0,0,185198544,128,1,32,32,13,3.9619,0.0431,0.0273,3.8854,0.0062,8183635968,7310049280,7.411,0,FALSE,7310049280,6971.4
320,gaussian,parallel_batching,3,FALSE,numeric,gaussian,12,128,250,32,Inf,1000000,32,multisession,1,1000,25,FALSE,FALSE,2,,"",NA,NA,2026-07-07T21:46:28+0200,jullum-ubuntu,4.6.1,1.0.8.9002,b9c5fcd1,710028,ok,0.7763,4.1675,1.99,0.054,0,0,185551104,128,1,32,32,13,4.0037,0.0429,0.0277,3.9269,0.0061,8177778688,7309045760,7.532,0,FALSE,7309045760,6970.4
321,gaussian,parallel_batching,0,TRUE,numeric,gaussian,12,128,250,128,Inf,1000000,1,multisession,1,1000,25,FALSE,FALSE,2,,"",NA,NA,2026-07-07T23:02:33+0200,jullum-ubuntu,4.6.1,1.0.8.9002,b9c5fcd1,774687,ok,0.9109,3.1116,3.082,0.029,0,0,234249312,128,1,126,126,13,2.9471,0.0429,0.0276,2.8704,0.0062,286515200,259383296,4.956,0,FALSE,259383296,247.4
322,gaussian,parallel_batching,1,FALSE,numeric,gaussian,12,128,250,128,Inf,1000000,1,multisession,1,1000,25,FALSE,FALSE,2,,"",NA,NA,2026-07-07T21:45:59+0200,jullum-ubuntu,4.6.1,1.0.8.9002,b9c5fcd1,709033,ok,0.8869,3.0763,3.039,0.036,0,0,234298160,128,1,126,126,13,2.9129,0.0423,0.0272,2.8371,0.0062,286330880,259182592,4.885,0,FALSE,259182592,247.2
323,gaussian,parallel_batching,2,FALSE,numeric,gaussian,12,128,250,128,Inf,1000000,1,multisession,1,1000,25,FALSE,FALSE,2,,"",NA,NA,2026-07-07T20:32:50+0200,jullum-ubuntu,4.6.1,1.0.8.9002,b9c5fcd1,655717,ok,0.8909,3.0706,3.033,0.036,0,0,234299792,128,1,126,126,13,2.9125,0.0425,0.0273,2.8364,0.0063,286371840,259149824,4.895,0,FALSE,259149824,247.1
324,gaussian,parallel_batching,3,FALSE,numeric,gaussian,12,128,250,128,Inf,1000000,1,multisession,1,1000,25,FALSE,FALSE,2,,"",NA,NA,2026-07-07T23:05:05+0200,jullum-ubuntu,4.6.1,1.0.8.9002,b9c5fcd1,777604,ok,0.9113,3.0933,3.044,0.048,0,0,234249440,128,1,126,126,13,2.9293,0.0428,0.0278,2.8525,0.0062,286318592,259293184,4.942,0,FALSE,259293184,247.3
325,gaussian,parallel_batching,0,TRUE,numeric,gaussian,12,128,250,128,Inf,1000000,2,multisession,1,1000,25,FALSE,FALSE,2,,"",NA,NA,2026-07-07T19:23:56+0200,jullum-ubuntu,4.6.1,1.0.8.9002,b9c5fcd1,601801,ok,0.8003,3.3718,1.574,0.013,0,0,182902976,128,1,126,126,13,3.2067,0.0429,0.0274,3.1303,0.0061,787079168,703856640,5.803,0,FALSE,703856640,671.2
326,gaussian,parallel_batching,1,FALSE,numeric,gaussian,12,128,250,128,Inf,1000000,2,multisession,1,1000,25,FALSE,FALSE,2,,"",NA,NA,2026-07-07T23:02:04+0200,jullum-ubuntu,4.6.1,1.0.8.9002,b9c5fcd1,774154,ok,0.7833,3.3359,1.53,0.019,0,0,182899696,128,1,126,126,13,3.1746,0.0424,0.0269,3.0992,0.0061,786268160,703434752,5.732,0,FALSE,703434752,670.8
327,gaussian,parallel_batching,2,FALSE,numeric,gaussian,12,128,250,128,Inf,1000000,2,multisession,1,1000,25,FALSE,FALSE,2,,"",NA,NA,2026-07-07T21:49:08+0200,jullum-ubuntu,4.6.1,1.0.8.9002,b9c5fcd1,718929,ok,0.7877,3.395,1.582,0.03,0,0,184328472,128,1,126,126,13,3.2293,0.0455,0.0276,3.1456,0.0105,787136512,706744320,5.826,0,FALSE,706744320,674
328,gaussian,parallel_batching,3,FALSE,numeric,gaussian,12,128,250,128,Inf,1000000,2,multisession,1,1000,25,FALSE,FALSE,2,,"",NA,NA,2026-07-07T21:49:17+0200,jullum-ubuntu,4.6.1,1.0.8.9002,b9c5fcd1,719175,ok,0.7839,3.4147,1.61,0.023,0,0,184103576,128,1,126,126,13,3.2442,0.0444,0.028,3.1656,0.0063,789995520,706469888,5.838,0,FALSE,706469888,673.7
329,gaussian,parallel_batching,0,TRUE,numeric,gaussian,12,128,250,128,Inf,1000000,4,multisession,1,1000,25,FALSE,FALSE,2,,"",NA,NA,2026-07-08T00:08:27+0200,jullum-ubuntu,4.6.1,1.0.8.9002,b9c5fcd1,789699,ok,0.7836,3.0481,1.583,0.031,0,0,184525688,128,1,126,126,13,2.8805,0.044,0.0274,2.8028,0.0063,1334755328,1201647616,5.501,0,FALSE,1201647616,1146
330,gaussian,parallel_batching,1,FALSE,numeric,gaussian,12,128,250,128,Inf,1000000,4,multisession,1,1000,25,FALSE,FALSE,2,,"",NA,NA,2026-07-07T20:34:34+0200,jullum-ubuntu,4.6.1,1.0.8.9002,b9c5fcd1,658928,ok,0.7826,3.0637,1.592,0.019,0,0,184277792,128,1,126,126,13,2.9002,0.0433,0.0276,2.8188,0.0106,1332703232,1199411200,5.521,0,FALSE,1199411200,1143.8
331,gaussian,parallel_batching,2,FALSE,numeric,gaussian,12,128,250,128,Inf,1000000,4,multisession,1,1000,25,FALSE,FALSE,2,,"",NA,NA,2026-07-07T21:41:39+0200,jullum-ubuntu,4.6.1,1.0.8.9002,b9c5fcd1,701804,ok,0.7843,3.0457,1.583,0.022,0,0,184279032,128,1,126,126,13,2.8817,0.043,0.0272,2.8052,0.0063,1333161984,1199730688,5.528,0,FALSE,1199730688,1144.2
332,gaussian,parallel_batching,3,FALSE,numeric,gaussian,12,128,250,128,Inf,1000000,4,multisession,1,1000,25,FALSE,FALSE,2,,"",NA,NA,2026-07-07T21:56:12+0200,jullum-ubuntu,4.6.1,1.0.8.9002,b9c5fcd1,730395,ok,0.7735,3.1393,1.642,0.021,0,0,184737272,128,1,126,126,13,2.9706,0.0431,0.0273,2.894,0.0062,1333596160,1199083520,5.609,0,FALSE,1199083520,1143.5
333,gaussian,parallel_batching,0,TRUE,numeric,gaussian,12,128,250,128,Inf,1000000,8,multisession,1,1000,25,FALSE,FALSE,2,,"",NA,NA,2026-07-07T21:50:48+0200,jullum-ubuntu,4.6.1,1.0.8.9002,b9c5fcd1,721494,ok,0.7782,3.0199,1.647,0.022,0,0,184490352,128,1,126,126,13,2.8508,0.0428,0.027,2.7748,0.0062,2407604224,2172227584,5.599,0,FALSE,2172227584,2071.6
334,gaussian,parallel_batching,1,FALSE,numeric,gaussian,12,128,250,128,Inf,1000000,8,multisession,1,1000,25,FALSE,FALSE,2,,"",NA,NA,2026-07-07T21:52:34+0200,jullum-ubuntu,4.6.1,1.0.8.9002,b9c5fcd1,723794,ok,0.7897,3.0184,1.672,0.018,0,0,184285304,128,1,126,126,13,2.852,0.0433,0.0274,2.7701,0.0112,2410999808,2171355136,5.639,0,FALSE,2171355136,2070.8
335,gaussian,parallel_batching,2,FALSE,numeric,gaussian,12,128,250,128,Inf,1000000,8,multisession,1,1000,25,FALSE,FALSE,2,,"",NA,NA,2026-07-07T21:46:17+0200,jullum-ubuntu,4.6.1,1.0.8.9002,b9c5fcd1,709196,ok,0.7843,3.0505,1.645,0.024,0,0,184573832,128,1,126,126,13,2.8889,0.0461,0.0297,2.8068,0.0062,2409750528,2170994688,5.643,0,FALSE,2170994688,2070.4
336,gaussian,parallel_batching,3,FALSE,numeric,gaussian,12,128,250,128,Inf,1000000,8,multisession,1,1000,25,FALSE,FALSE,2,,"",NA,NA,2026-07-07T19:27:24+0200,jullum-ubuntu,4.6.1,1.0.8.9002,b9c5fcd1,607598,ok,0.7899,3.0038,1.654,0.023,0,0,184503776,128,1,126,126,13,2.8389,0.0433,0.0274,2.7619,0.0063,2411786240,2172006400,5.602,0,FALSE,2172006400,2071.4
337,gaussian,parallel_batching,0,TRUE,numeric,gaussian,12,128,250,128,Inf,1000000,16,multisession,1,1000,25,FALSE,FALSE,2,,"",NA,NA,2026-07-07T21:55:57+0200,jullum-ubuntu,4.6.1,1.0.8.9002,b9c5fcd1,729140,ok,0.8045,3.3917,1.896,0.036,0,0,185895128,128,1,126,126,13,3.2214,0.045,0.0292,3.1406,0.0066,4364271616,3914657792,6.178,0,FALSE,3914657792,3733.3
338,gaussian,parallel_batching,1,FALSE,numeric,gaussian,12,128,250,128,Inf,1000000,16,multisession,1,1000,25,FALSE,FALSE,2,,"",NA,NA,2026-07-07T19:26:37+0200,jullum-ubuntu,4.6.1,1.0.8.9002,b9c5fcd1,605517,ok,0.7973,3.3487,1.842,0.033,0,0,184299032,128,1,126,126,13,3.1773,0.0448,0.0284,3.0974,0.0066,4357902336,3909652480,6.211,0,FALSE,3909652480,3728.5
339,gaussian,parallel_batching,2,FALSE,numeric,gaussian,12,128,250,128,Inf,1000000,16,multisession,1,1000,25,FALSE,FALSE,2,,"",NA,NA,2026-07-07T21:46:41+0200,jullum-ubuntu,4.6.1,1.0.8.9002,b9c5fcd1,711776,ok,0.7797,3.2603,1.715,0.031,0,0,184364256,128,1,126,126,13,3.0966,0.0431,0.0277,3.0196,0.0062,4357582848,3911323648,6.127,0,FALSE,3911323648,3730.1
340,gaussian,parallel_batching,3,FALSE,numeric,gaussian,12,128,250,128,Inf,1000000,16,multisession,1,1000,25,FALSE,FALSE,2,,"",NA,NA,2026-07-07T22:59:51+0200,jullum-ubuntu,4.6.1,1.0.8.9002,b9c5fcd1,769485,ok,0.773,3.4034,1.739,0.028,0,0,184533544,128,1,126,126,13,3.2409,0.0419,0.0285,3.1644,0.0061,4360912896,3912347648,6.192,0,FALSE,3912347648,3731.1
341,gaussian,parallel_batching,0,TRUE,numeric,gaussian,12,128,250,128,Inf,1000000,32,multisession,1,1000,25,FALSE,FALSE,2,,"",NA,NA,2026-07-08T00:09:11+0200,jullum-ubuntu,4.6.1,1.0.8.9002,b9c5fcd1,792858,ok,0.7796,4.3579,2.041,0.039,0,0,185367760,128,1,126,126,13,4.193,0.043,0.0275,4.1116,0.0109,8154382336,7279378432,7.696,0,FALSE,7279378432,6942.2
342,gaussian,parallel_batching,1,FALSE,numeric,gaussian,12,128,250,128,Inf,1000000,32,multisession,1,1000,25,FALSE,FALSE,2,,"",NA,NA,2026-07-08T00:08:33+0200,jullum-ubuntu,4.6.1,1.0.8.9002,b9c5fcd1,789976,ok,0.7614,4.2441,2.066,0.057,0,0,185721120,128,1,126,126,13,4.0761,0.043,0.028,3.999,0.0061,8151941120,7280115712,7.562,0,FALSE,7280115712,6942.9
343,gaussian,parallel_batching,2,FALSE,numeric,gaussian,12,128,250,128,Inf,1000000,32,multisession,1,1000,25,FALSE,FALSE,2,,"",NA,NA,2026-07-07T21:43:08+0200,jullum-ubuntu,4.6.1,1.0.8.9002,b9c5fcd1,703874,ok,0.776,4.2248,2.016,0.048,0,0,185908032,128,1,126,126,13,4.056,0.0429,0.0274,3.9794,0.0062,8149164032,7280074752,7.613,0,FALSE,7280074752,6942.8
344,gaussian,parallel_batching,3,FALSE,numeric,gaussian,12,128,250,128,Inf,1000000,32,multisession,1,1000,25,FALSE,FALSE,2,,"",NA,NA,2026-07-08T00:07:07+0200,jullum-ubuntu,4.6.1,1.0.8.9002,b9c5fcd1,786611,ok,0.7672,4.2322,2.019,0.054,0,0,185643472,128,1,126,126,13,4.0638,0.0431,0.0275,3.9871,0.0061,8149159936,7279280128,7.593,0,FALSE,7279280128,6942.1
345,gaussian,parallel_backend,0,TRUE,numeric,gaussian,12,128,250,32,Inf,1000000,1,multicore,1,1000,25,FALSE,FALSE,2,,"",NA,NA,2026-07-07T19:22:38+0200,jullum-ubuntu,4.6.1,1.0.8.9002,b9c5fcd1,598338,ok,0.9062,2.3457,2.299,0.045,0,0,234248424,128,1,32,32,13,2.1814,0.0434,0.0281,2.1037,0.0062,287612928,262385664,4.172,0,FALSE,262385664,250.2
346,gaussian,parallel_backend,1,FALSE,numeric,gaussian,12,128,250,32,Inf,1000000,1,multicore,1,1000,25,FALSE,FALSE,2,,"",NA,NA,2026-07-07T21:52:29+0200,jullum-ubuntu,4.6.1,1.0.8.9002,b9c5fcd1,723740,ok,0.8866,2.3452,2.301,0.042,0,0,234249872,128,1,32,32,13,2.1809,0.0425,0.0275,2.1048,0.0061,289226752,263573504,4.177,0,FALSE,263573504,251.4
347,gaussian,parallel_backend,2,FALSE,numeric,gaussian,12,128,250,32,Inf,1000000,1,multicore,1,1000,25,FALSE,FALSE,2,,"",NA,NA,2026-07-08T00:11:03+0200,jullum-ubuntu,4.6.1,1.0.8.9002,b9c5fcd1,797250,ok,0.8875,2.3209,2.281,0.037,0,0,234249880,128,1,32,32,13,2.1556,0.0427,0.0275,2.0789,0.0065,289406976,264683520,4.12,0,FALSE,264683520,252.4
348,gaussian,parallel_backend,3,FALSE,numeric,gaussian,12,128,250,32,Inf,1000000,1,multicore,1,1000,25,FALSE,FALSE,2,,"",NA,NA,2026-07-08T00:07:51+0200,jullum-ubuntu,4.6.1,1.0.8.9002,b9c5fcd1,789391,ok,0.8835,2.2992,2.254,0.043,0,0,234249856,128,1,32,32,13,2.141,0.0427,0.0279,2.0641,0.0063,289161216,264650752,4.109,0,FALSE,264650752,252.4
349,gaussian,parallel_backend,0,TRUE,numeric,gaussian,12,128,250,32,Inf,1000000,2,multicore,1,1000,25,FALSE,FALSE,2,,"",NA,NA,2026-07-07T21:44:42+0200,jullum-ubuntu,4.6.1,1.0.8.9002,b9c5fcd1,707699,ok,0.8927,2.0515,1.425,0.083,0.947,0.23,218242680,128,1,32,32,13,1.8896,0.0426,0.0274,1.8083,0.0112,800915456,482025472,3.873,0,FALSE,482025472,459.7
350,gaussian,parallel_backend,1,FALSE,numeric,gaussian,12,128,250,32,Inf,1000000,2,multicore,1,1000,25,FALSE,FALSE,2,,"",NA,NA,2026-07-07T20:32:45+0200,jullum-ubuntu,4.6.1,1.0.8.9002,b9c5fcd1,655657,ok,0.9011,2.0994,1.471,0.085,0.953,0.222,219815696,128,1,32,32,13,1.9336,0.0435,0.028,1.8559,0.0062,800612352,481853440,3.925,0,FALSE,481853440,459.5
351,gaussian,parallel_backend,2,FALSE,numeric,gaussian,12,128,250,32,Inf,1000000,2,multicore,1,1000,25,FALSE,FALSE,2,,"",NA,NA,2026-07-08T00:07:03+0200,jullum-ubuntu,4.6.1,1.0.8.9002,b9c5fcd1,786570,ok,0.8871,2.07,1.443,0.083,0.942,0.222,219525744,128,1,32,32,13,1.9034,0.0426,0.0274,1.8272,0.0062,800481280,481411072,3.876,0,FALSE,481411072,459.1
352,gaussian,parallel_backend,3,FALSE,numeric,gaussian,12,128,250,32,Inf,1000000,2,multicore,1,1000,25,FALSE,FALSE,2,,"",NA,NA,2026-07-07T21:53:51+0200,jullum-ubuntu,4.6.1,1.0.8.9002,b9c5fcd1,726576,ok,0.8839,2.1096,1.486,0.079,0.961,0.209,220171216,128,1,32,32,13,1.9452,0.0427,0.0273,1.8688,0.0064,800833536,480940032,3.932,0,FALSE,480940032,458.7
353,gaussian,parallel_backend,0,TRUE,numeric,gaussian,12,128,250,32,Inf,1000000,4,multicore,1,1000,25,FALSE,FALSE,2,,"",NA,NA,2026-07-07T20:32:41+0200,jullum-ubuntu,4.6.1,1.0.8.9002,b9c5fcd1,655344,ok,0.9199,1.9233,1.511,0.109,0.991,0.377,219550144,128,1,32,32,13,1.7498,0.0452,0.028,1.6699,0.0066,1336356864,624783360,3.773,0,FALSE,624783360,595.8
354,gaussian,parallel_backend,1,FALSE,numeric,gaussian,12,128,250,32,Inf,1000000,4,multicore,1,1000,25,FALSE,FALSE,2,,"",NA,NA,2026-07-07T23:03:14+0200,jullum-ubuntu,4.6.1,1.0.8.9002,b9c5fcd1,775529,ok,0.8962,1.8624,1.477,0.085,1.015,0.34,219897640,128,1,32,32,13,1.696,0.0429,0.0277,1.6192,0.0062,1336872960,625143808,3.692,0,FALSE,625143808,596.2
355,gaussian,parallel_backend,2,FALSE,numeric,gaussian,12,128,250,32,Inf,1000000,4,multicore,1,1000,25,FALSE,FALSE,2,,"",NA,NA,2026-07-07T20:37:45+0200,jullum-ubuntu,4.6.1,1.0.8.9002,b9c5fcd1,662527,ok,0.8938,1.9145,1.511,0.097,1.007,0.381,219897352,128,1,32,32,13,1.7484,0.0429,0.0276,1.6716,0.0063,1338941440,627105792,3.747,0,FALSE,627105792,598.1
356,gaussian,parallel_backend,3,FALSE,numeric,gaussian,12,128,250,32,Inf,1000000,4,multicore,1,1000,25,FALSE,FALSE,2,,"",NA,NA,2026-07-07T21:55:18+0200,jullum-ubuntu,4.6.1,1.0.8.9002,b9c5fcd1,728398,ok,0.8873,1.8489,1.452,0.096,0.98,0.357,219244936,128,1,32,32,13,1.6863,0.0424,0.0272,1.6105,0.0062,1338281984,624599040,3.673,0,FALSE,624599040,595.7
357,gaussian,parallel_backend,0,TRUE,numeric,gaussian,12,128,250,32,Inf,1000000,8,multicore,1,1000,25,FALSE,FALSE,2,,"",NA,NA,2026-07-08T00:08:23+0200,jullum-ubuntu,4.6.1,1.0.8.9002,b9c5fcd1,789652,ok,0.8861,1.8494,1.534,0.142,1.093,0.673,220019376,128,1,32,32,13,1.684,0.0429,0.0277,1.6071,0.0063,2330411008,812896256,3.668,0,FALSE,812896256,775.2
358,gaussian,parallel_backend,1,FALSE,numeric,gaussian,12,128,250,32,Inf,1000000,8,multicore,1,1000,25,FALSE,FALSE,2,,"",NA,NA,2026-07-07T21:45:55+0200,jullum-ubuntu,4.6.1,1.0.8.9002,b9c5fcd1,708941,ok,0.8945,1.8275,1.516,0.139,1.129,0.67,219960816,128,1,32,32,13,1.6577,0.043,0.0272,1.5812,0.0063,2327633920,813592576,3.659,0,FALSE,813592576,775.9
359,gaussian,parallel_backend,2,FALSE,numeric,gaussian,12,128,250,32,Inf,1000000,8,multicore,1,1000,25,FALSE,FALSE,2,,"",NA,NA,2026-07-07T20:39:10+0200,jullum-ubuntu,4.6.1,1.0.8.9002,b9c5fcd1,663833,ok,0.8935,1.7735,1.446,0.15,1.124,0.642,219512256,128,1,32,32,13,1.6136,0.0432,0.028,1.5362,0.0062,2321711104,807333888,3.588,0,FALSE,807333888,769.9
360,gaussian,parallel_backend,3,FALSE,numeric,gaussian,12,128,250,32,Inf,1000000,8,multicore,1,1000,25,FALSE,FALSE,2,,"",NA,NA,2026-07-07T20:35:13+0200,jullum-ubuntu,4.6.1,1.0.8.9002,b9c5fcd1,659808,ok,0.892,1.8895,1.572,0.141,1.106,0.672,219676800,128,1,32,32,13,1.7191,0.0459,0.0295,1.6374,0.0063,2327621632,798425088,3.729,0,FALSE,798425088,761.4
361,gaussian,parallel_backend,0,TRUE,numeric,gaussian,12,128,250,32,Inf,1000000,16,multicore,1,1000,25,FALSE,FALSE,2,,"",NA,NA,2026-07-07T23:05:01+0200,jullum-ubuntu,4.6.1,1.0.8.9002,b9c5fcd1,777531,ok,0.8968,1.8215,1.504,0.227,1.347,1.122,219345024,128,1,32,32,13,1.6522,0.043,0.0283,1.5744,0.0066,4200366080,967053312,3.662,0,FALSE,967053312,922.3
362,gaussian,parallel_backend,1,FALSE,numeric,gaussian,12,128,250,32,Inf,1000000,16,multicore,1,1000,25,FALSE,FALSE,2,,"",NA,NA,2026-07-07T20:32:26+0200,jullum-ubuntu,4.6.1,1.0.8.9002,b9c5fcd1,655107,ok,0.8907,1.8184,1.499,0.227,1.335,1.136,219390208,128,1,32,32,13,1.6502,0.0426,0.0276,1.5737,0.0063,3955269632,966066176,3.635,0,FALSE,966066176,921.3
363,gaussian,parallel_backend,2,FALSE,numeric,gaussian,12,128,250,32,Inf,1000000,16,multicore,1,1000,25,FALSE,FALSE,2,,"",NA,NA,2026-07-07T23:03:51+0200,jullum-ubuntu,4.6.1,1.0.8.9002,b9c5fcd1,776322,ok,0.9039,1.8225,1.507,0.231,1.325,1.117,219570056,128,1,32,32,13,1.6567,0.0426,0.0274,1.5804,0.0062,3955093504,973168640,3.64,0,FALSE,973168640,928.1
364,gaussian,parallel_backend,3,FALSE,numeric,gaussian,12,128,250,32,Inf,1000000,16,multicore,1,1000,25,FALSE,FALSE,2,,"",NA,NA,2026-07-08T00:12:19+0200,jullum-ubuntu,4.6.1,1.0.8.9002,b9c5fcd1,799292,ok,0.8842,1.8058,1.486,0.231,1.3,1.14,219474984,128,1,32,32,13,1.6403,0.0428,0.0277,1.5634,0.0064,3962118144,970588160,3.64,0,FALSE,970588160,925.6
365,gaussian,parallel_backend,0,TRUE,numeric,gaussian,12,128,250,32,Inf,1000000,32,multicore,1,1000,25,FALSE,FALSE,2,,"",NA,NA,2026-07-08T00:06:52+0200,jullum-ubuntu,4.6.1,1.0.8.9002,b9c5fcd1,786446,ok,0.8815,1.9915,1.539,0.416,1.631,2.551,219201632,128,1,32,32,13,1.8272,0.0427,0.0277,1.7506,0.0062,7815049216,1594810368,3.804,0,FALSE,1594810368,1520.9
366,gaussian,parallel_backend,1,FALSE,numeric,gaussian,12,128,250,32,Inf,1000000,32,multicore,1,1000,25,FALSE,FALSE,2,,"",NA,NA,2026-07-07T20:39:41+0200,jullum-ubuntu,4.6.1,1.0.8.9002,b9c5fcd1,665350,ok,0.8834,1.9875,1.548,0.401,1.662,2.597,218847520,128,1,32,32,13,1.8226,0.0426,0.0274,1.7463,0.0063,8052228096,1592516608,3.793,0,FALSE,1592516608,1518.7
367,gaussian,parallel_backend,2,FALSE,numeric,gaussian,12,128,250,32,Inf,1000000,32,multicore,1,1000,25,FALSE,FALSE,2,,"",NA,NA,2026-07-07T23:00:36+0200,jullum-ubuntu,4.6.1,1.0.8.9002,b9c5fcd1,772198,ok,0.8774,1.984,1.55,0.415,1.605,2.515,219424824,128,1,32,32,13,1.8154,0.0421,0.027,1.7402,0.0062,8048996352,1586429952,3.792,0,FALSE,1586429952,1512.9
368,gaussian,parallel_backend,3,FALSE,numeric,gaussian,12,128,250,32,Inf,1000000,32,multicore,1,1000,25,FALSE,FALSE,2,,"",NA,NA,2026-07-07T21:42:55+0200,jullum-ubuntu,4.6.1,1.0.8.9002,b9c5fcd1,703576,ok,0.8867,2.0164,1.565,0.411,1.6,2.545,219008536,128,1,32,32,13,1.8499,0.0425,0.0276,1.7734,0.0063,7825371136,1594978304,3.841,0,FALSE,1594978304,1521.1
369,gaussian,dt_threads,0,TRUE,numeric,gaussian,12,128,250,10,Inf,1000000,1,multisession,2,1000,25,FALSE,FALSE,2,,"",NA,NA,2026-07-07T19:21:26+0200,jullum-ubuntu,4.6.1,1.0.8.9002,b9c5fcd1,594397,ok,0.9347,2.2817,2.217,0.062,0,0,248909840,128,1,10,10,13,2.1157,0.0426,0.0291,2.0373,0.0066,311492608,285384704,4.163,0,FALSE,285384704,272.2
370,gaussian,dt_threads,1,FALSE,numeric,gaussian,12,128,250,10,Inf,1000000,1,multisession,2,1000,25,FALSE,FALSE,2,,"",NA,NA,2026-07-07T19:24:21+0200,jullum-ubuntu,4.6.1,1.0.8.9002,b9c5fcd1,602491,ok,0.9024,2.2871,2.209,0.075,0,0,248910024,128,1,10,10,13,2.1209,0.0429,0.0285,2.0432,0.0062,311214080,285630464,4.115,0,FALSE,285630464,272.4
371,gaussian,dt_threads,2,FALSE,numeric,gaussian,12,128,250,10,Inf,1000000,1,multisession,2,1000,25,FALSE,FALSE,2,,"",NA,NA,2026-07-07T19:23:33+0200,jullum-ubuntu,4.6.1,1.0.8.9002,b9c5fcd1,599252,ok,0.8974,2.3132,2.253,0.059,0,0,248906168,128,1,10,10,13,2.1502,0.0425,0.0273,2.0682,0.0122,311181312,285556736,4.115,0,FALSE,285556736,272.3
372,gaussian,dt_threads,3,FALSE,numeric,gaussian,12,128,250,10,Inf,1000000,1,multisession,2,1000,25,FALSE,FALSE,2,,"",NA,NA,2026-07-07T22:57:34+0200,jullum-ubuntu,4.6.1,1.0.8.9002,b9c5fcd1,766817,ok,0.8848,2.2646,2.203,0.061,0,0,248910240,128,1,10,10,13,2.1004,0.0425,0.0276,2.0243,0.006,311443456,286142464,4.096,0,FALSE,286142464,272.9
373,gaussian,dt_threads,0,TRUE,numeric,gaussian,12,128,250,10,Inf,1000000,1,multisession,4,1000,25,FALSE,FALSE,2,,"",NA,NA,2026-07-07T19:21:45+0200,jullum-ubuntu,4.6.1,1.0.8.9002,b9c5fcd1,594999,ok,0.8874,2.2954,2.23,0.064,0,0,248910088,128,1,10,10,13,2.1283,0.0431,0.0279,2.0512,0.0061,311406592,285790208,4.106,0,FALSE,285790208,272.6
374,gaussian,dt_threads,1,FALSE,numeric,gaussian,12,128,250,10,Inf,1000000,1,multisession,4,1000,25,FALSE,FALSE,2,,"",NA,NA,2026-07-07T23:01:10+0200,jullum-ubuntu,4.6.1,1.0.8.9002,b9c5fcd1,773329,ok,0.8916,2.2614,2.188,0.072,0,0,248909656,128,1,10,10,13,2.0967,0.0426,0.0273,2.0206,0.0062,312721408,287105024,4.061,0,FALSE,287105024,273.8
375,gaussian,dt_threads,2,FALSE,numeric,gaussian,12,128,250,10,Inf,1000000,1,multisession,4,1000,25,FALSE,FALSE,2,,"",NA,NA,2026-07-08T00:06:36+0200,jullum-ubuntu,4.6.1,1.0.8.9002,b9c5fcd1,786317,ok,0.8859,2.3227,2.26,0.061,0,0,248910088,128,1,10,10,13,2.1583,0.0425,0.0273,2.0823,0.0061,311197696,286072832,4.122,0,FALSE,286072832,272.8
376,gaussian,dt_threads,3,FALSE,numeric,gaussian,12,128,250,10,Inf,1000000,1,multisession,4,1000,25,FALSE,FALSE,2,,"",NA,NA,2026-07-07T21:54:57+0200,jullum-ubuntu,4.6.1,1.0.8.9002,b9c5fcd1,727921,ok,0.8959,2.2725,2.202,0.069,0,0,248906152,128,1,10,10,13,2.1076,0.0432,0.0272,2.031,0.0061,311234560,285581312,4.104,0,FALSE,285581312,272.4
377,gaussian,dt_threads,0,TRUE,numeric,gaussian,12,128,250,10,Inf,1000000,1,multisession,8,1000,25,FALSE,FALSE,2,,"",NA,NA,2026-07-07T21:45:50+0200,jullum-ubuntu,4.6.1,1.0.8.9002,b9c5fcd1,708866,ok,0.8932,2.2871,2.225,0.061,0,0,248909888,128,1,10,10,13,2.1224,0.0425,0.0275,2.0463,0.0061,311148544,285601792,4.101,0,FALSE,285601792,272.4
378,gaussian,dt_threads,1,FALSE,numeric,gaussian,12,128,250,10,Inf,1000000,1,multisession,8,1000,25,FALSE,FALSE,2,,"",NA,NA,2026-07-08T00:12:08+0200,jullum-ubuntu,4.6.1,1.0.8.9002,b9c5fcd1,797576,ok,0.8806,2.2411,2.177,0.059,0,0,248905888,128,1,10,10,13,2.0783,0.0425,0.0273,2.0024,0.0061,311111680,286031872,4.038,0,FALSE,286031872,272.8
379,gaussian,dt_threads,2,FALSE,numeric,gaussian,12,128,250,10,Inf,1000000,1,multisession,8,1000,25,FALSE,FALSE,2,,"",NA,NA,2026-07-07T19:21:40+0200,jullum-ubuntu,4.6.1,1.0.8.9002,b9c5fcd1,594922,ok,0.8887,2.3109,2.247,0.062,0,0,248909848,128,1,10,10,13,2.1435,0.0432,0.0276,2.0665,0.0061,311451648,285982720,4.114,0,FALSE,285982720,272.7
380,gaussian,dt_threads,3,FALSE,numeric,gaussian,12,128,250,10,Inf,1000000,1,multisession,8,1000,25,FALSE,FALSE,2,,"",NA,NA,2026-07-07T21:53:26+0200,jullum-ubuntu,4.6.1,1.0.8.9002,b9c5fcd1,725359,ok,0.8836,2.2803,2.211,0.066,0,0,248906160,128,1,10,10,13,2.123,0.0425,0.0272,2.0412,0.0121,311324672,285892608,4.097,0,FALSE,285892608,272.6
381,gaussian,batches,0,TRUE,numeric,gaussian,12,128,250,1,Inf,Inf,1,multisession,1,1000,25,FALSE,FALSE,2,,"",NA,NA,2026-07-07T20:29:04+0200,jullum-ubuntu,4.6.1,1.0.8.9002,b9c5fcd1,649946,ok,0.8918,3.0022,2.682,0.319,0,0,561093344,128,1,1,1,Inf,2.8359,0.0432,0.0275,2.7589,0.0064,550785024,526032896,4.876,0,FALSE,526032896,501.7
382,gaussian,batches,1,FALSE,numeric,gaussian,12,128,250,1,Inf,Inf,1,multisession,1,1000,25,FALSE,FALSE,2,,"",NA,NA,2026-07-07T21:41:23+0200,jullum-ubuntu,4.6.1,1.0.8.9002,b9c5fcd1,701628,ok,0.8994,3.0192,2.688,0.326,0,0,561093240,128,1,1,1,Inf,2.8577,0.0425,0.0273,2.7816,0.0062,551874560,527196160,4.896,0,FALSE,527196160,502.8
383,gaussian,batches,2,FALSE,numeric,gaussian,12,128,250,1,Inf,Inf,1,multisession,1,1000,25,FALSE,FALSE,2,,"",NA,NA,2026-07-07T19:26:25+0200,jullum-ubuntu,4.6.1,1.0.8.9002,b9c5fcd1,605140,ok,0.9101,3.0312,2.701,0.329,0,0,561063504,128,1,1,1,Inf,2.8729,0.0422,0.0274,2.7973,0.006,552140800,526848000,4.968,0,FALSE,526848000,502.4
384,gaussian,batches,3,FALSE,numeric,gaussian,12,128,250,1,Inf,Inf,1,multisession,1,1000,25,FALSE,FALSE,2,,"",NA,NA,2026-07-07T21:43:35+0200,jullum-ubuntu,4.6.1,1.0.8.9002,b9c5fcd1,706879,ok,0.8864,2.9705,2.639,0.33,0,0,561093768,128,1,1,1,Inf,2.8146,0.0425,0.027,2.7392,0.006,551002112,525799424,4.837,0,FALSE,525799424,501.4
385,gaussian,batches,0,TRUE,numeric,gaussian,12,128,250,2,Inf,Inf,1,multisession,1,1000,25,FALSE,FALSE,2,,"",NA,NA,2026-07-07T20:31:19+0200,jullum-ubuntu,4.6.1,1.0.8.9002,b9c5fcd1,654367,ok,0.8873,2.7297,2.526,0.199,0,0,325409832,128,1,2,2,Inf,2.5628,0.043,0.0275,2.486,0.0064,403173376,378228736,4.532,0,FALSE,378228736,360.7
386,gaussian,batches,1,FALSE,numeric,gaussian,12,128,250,2,Inf,Inf,1,multisession,1,1000,25,FALSE,FALSE,2,,"",NA,NA,2026-07-07T19:27:18+0200,jullum-ubuntu,4.6.1,1.0.8.9002,b9c5fcd1,607511,ok,0.8959,2.7482,2.556,0.19,0,0,325294152,128,1,2,2,Inf,2.5797,0.0426,0.0275,2.5033,0.0063,403062784,377819136,4.568,0,FALSE,377819136,360.3
387,gaussian,batches,2,FALSE,numeric,gaussian,12,128,250,2,Inf,Inf,1,multisession,1,1000,25,FALSE,FALSE,2,,"",NA,NA,2026-07-07T20:28:55+0200,jullum-ubuntu,4.6.1,1.0.8.9002,b9c5fcd1,649826,ok,0.8894,2.7253,2.528,0.196,0,0,325311576,128,1,2,2,Inf,2.5554,0.0426,0.0286,2.478,0.0062,403226624,378155008,4.526,0,FALSE,378155008,360.6
388,gaussian,batches,3,FALSE,numeric,gaussian,12,128,250,2,Inf,Inf,1,multisession,1,1000,25,FALSE,FALSE,2,,"",NA,NA,2026-07-07T19:21:30+0200,jullum-ubuntu,4.6.1,1.0.8.9002,b9c5fcd1,594762,ok,0.8964,2.7802,2.586,0.193,0,0,325357928,128,1,2,2,Inf,2.611,0.0438,0.0288,2.5322,0.0062,403476480,377671680,4.595,0,FALSE,377671680,360.2
389,gaussian,batches,0,TRUE,numeric,gaussian,12,128,250,5,Inf,Inf,1,multisession,1,1000,25,FALSE,FALSE,2,,"",NA,NA,2026-07-07T21:55:09+0200,jullum-ubuntu,4.6.1,1.0.8.9002,b9c5fcd1,728287,ok,0.8915,2.4519,2.373,0.077,0,0,251535912,128,1,5,5,Inf,2.284,0.0447,0.0297,2.2031,0.0064,330047488,304848896,4.287,0,FALSE,304848896,290.7
390,gaussian,batches,1,FALSE,numeric,gaussian,12,128,250,5,Inf,Inf,1,multisession,1,1000,25,FALSE,FALSE,2,,"",NA,NA,2026-07-07T21:52:20+0200,jullum-ubuntu,4.6.1,1.0.8.9002,b9c5fcd1,723376,ok,0.8859,2.3798,2.307,0.072,0,0,251532040,128,1,5,5,Inf,2.2135,0.0425,0.0273,2.1376,0.0061,330010624,304578560,4.171,0,FALSE,304578560,290.5
391,gaussian,batches,2,FALSE,numeric,gaussian,12,128,250,5,Inf,Inf,1,multisession,1,1000,25,FALSE,FALSE,2,,"",NA,NA,2026-07-08T00:11:08+0200,jullum-ubuntu,4.6.1,1.0.8.9002,b9c5fcd1,797289,ok,0.8901,2.389,2.316,0.071,0,0,251532128,128,1,5,5,Inf,2.2209,0.0429,0.028,2.1438,0.0062,330207232,304959488,4.2,0,FALSE,304959488,290.8
392,gaussian,batches,3,FALSE,numeric,gaussian,12,128,250,5,Inf,Inf,1,multisession,1,1000,25,FALSE,FALSE,2,,"",NA,NA,2026-07-07T22:59:12+0200,jullum-ubuntu,4.6.1,1.0.8.9002,b9c5fcd1,768975,ok,0.8887,2.3878,2.318,0.069,0,0,251532288,128,1,5,5,Inf,2.2193,0.0435,0.0275,2.142,0.0063,330145792,304816128,4.209,0,FALSE,304816128,290.7
393,gaussian,batches,0,TRUE,numeric,gaussian,12,128,250,25,Inf,Inf,1,multisession,1,1000,25,FALSE,FALSE,2,,"",NA,NA,2026-07-07T21:46:36+0200,jullum-ubuntu,4.6.1,1.0.8.9002,b9c5fcd1,711722,ok,0.8895,2.2909,2.228,0.061,0,0,234248568,128,1,25,25,Inf,2.1314,0.043,0.0281,2.0489,0.0113,292720640,267493376,4.082,0,FALSE,267493376,255.1
394,gaussian,batches,1,FALSE,numeric,gaussian,12,128,250,25,Inf,Inf,1,multisession,1,1000,25,FALSE,FALSE,2,,"",NA,NA,2026-07-08T00:10:46+0200,jullum-ubuntu,4.6.1,1.0.8.9002,b9c5fcd1,797118,ok,0.8894,2.2902,2.226,0.062,0,0,234248112,128,1,25,25,Inf,2.1252,0.0431,0.0283,2.0477,0.0062,292622336,267706368,4.11,0,FALSE,267706368,255.3
395,gaussian,batches,2,FALSE,numeric,gaussian,12,128,250,25,Inf,Inf,1,multisession,1,1000,25,FALSE,FALSE,2,,"",NA,NA,2026-07-07T19:21:54+0200,jullum-ubuntu,4.6.1,1.0.8.9002,b9c5fcd1,595121,ok,0.9058,2.357,2.285,0.069,0,0,234249016,128,1,25,25,Inf,2.1882,0.0431,0.0275,2.1111,0.0066,292499456,266932224,4.176,0,FALSE,266932224,254.6
396,gaussian,batches,3,FALSE,numeric,gaussian,12,128,250,25,Inf,Inf,1,multisession,1,1000,25,FALSE,FALSE,2,,"",NA,NA,2026-07-07T20:28:38+0200,jullum-ubuntu,4.6.1,1.0.8.9002,b9c5fcd1,649404,ok,0.9113,2.2727,2.206,0.065,0,0,234249800,128,1,25,25,Inf,2.1098,0.0423,0.0272,2.0342,0.0061,292470784,267251712,4.123,0,FALSE,267251712,254.9
397,gaussian,batches,0,TRUE,numeric,gaussian,12,128,250,50,Inf,Inf,1,multisession,1,1000,25,FALSE,FALSE,2,,"",NA,NA,2026-07-07T19:20:01+0200,jullum-ubuntu,4.6.1,1.0.8.9002,b9c5fcd1,593380,ok,0.8922,2.5043,2.467,0.033,0,0,234248328,128,1,50,50,Inf,2.3386,0.0428,0.0271,2.2625,0.0062,286126080,261066752,4.306,0,FALSE,261066752,249
398,gaussian,batches,1,FALSE,numeric,gaussian,12,128,250,50,Inf,Inf,1,multisession,1,1000,25,FALSE,FALSE,2,,"",NA,NA,2026-07-07T21:52:24+0200,jullum-ubuntu,4.6.1,1.0.8.9002,b9c5fcd1,723431,ok,0.9225,2.4798,2.451,0.026,0,0,234244800,128,1,50,50,Inf,2.3144,0.0437,0.0284,2.236,0.0062,286011392,260259840,4.314,0,FALSE,260259840,248.2
399,gaussian,batches,2,FALSE,numeric,gaussian,12,128,250,50,Inf,Inf,1,multisession,1,1000,25,FALSE,FALSE,2,,"",NA,NA,2026-07-07T21:47:12+0200,jullum-ubuntu,4.6.1,1.0.8.9002,b9c5fcd1,713112,ok,0.9007,2.4934,2.461,0.028,0,0,234244920,128,1,50,50,Inf,2.3284,0.0442,0.0282,2.2497,0.0063,286105600,260640768,4.29,0,FALSE,260640768,248.6
400,gaussian,batches,3,FALSE,numeric,gaussian,12,128,250,50,Inf,Inf,1,multisession,1,1000,25,FALSE,FALSE,2,,"",NA,NA,2026-07-07T21:43:23+0200,jullum-ubuntu,4.6.1,1.0.8.9002,b9c5fcd1,706716,ok,0.8801,2.4006,2.363,0.034,0,0,234249080,128,1,50,50,Inf,2.2375,0.0415,0.0267,2.1633,0.006,285941760,260591616,4.196,0,FALSE,260591616,248.5
401,gaussian,iterative_budget,0,TRUE,numeric,gaussian,12,256,250,10,Inf,1000000,1,multisession,1,1000,25,TRUE,FALSE,2,,source,NA,NA,2026-07-15T23:39:03+0200,jullum-ubuntu,4.6.1,1.0.8.9003,10cc557a,2476570,ok,0.8999,2.9902,2.889,0.099,0,0,248304048,200,1,16,16,13,2.8311,0.0432,0.0278,2.7529,0.0073,318083072,292880384,4.81,0,FALSE,292880384,279.3
402,gaussian,iterative_budget,1,FALSE,numeric,gaussian,12,256,250,10,Inf,1000000,1,multisession,1,1000,25,TRUE,FALSE,2,,source,NA,NA,2026-07-15T23:35:32+0200,jullum-ubuntu,4.6.1,1.0.8.9003,10cc557a,2472104,ok,0.9034,3.0366,2.922,0.113,0,0,248262456,200,1,16,16,13,2.8721,0.0429,0.0276,2.7946,0.007,318124032,292925440,4.863,0,FALSE,292925440,279.4
403,gaussian,iterative_budget,2,FALSE,numeric,gaussian,12,256,250,10,Inf,1000000,1,multisession,1,1000,25,TRUE,FALSE,2,,source,NA,NA,2026-07-15T23:35:17+0200,jullum-ubuntu,4.6.1,1.0.8.9003,10cc557a,2471619,ok,0.9288,3.0272,2.911,0.115,0,0,248310896,200,1,16,16,13,2.8619,0.0433,0.0284,2.7831,0.0071,318377984,292605952,4.875,0,FALSE,292605952,279.1
404,gaussian,iterative_budget,3,FALSE,numeric,gaussian,12,256,250,10,Inf,1000000,1,multisession,1,1000,25,TRUE,FALSE,2,,source,NA,NA,2026-07-15T23:36:58+0200,jullum-ubuntu,4.6.1,1.0.8.9003,10cc557a,2473780,ok,0.9,3.0503,2.92,0.128,0,0,248259496,200,1,16,16,13,2.8823,0.0446,0.0274,2.8031,0.0072,318078976,292769792,4.882,0,FALSE,292769792,279.2
405,gaussian,iterative_budget,0,TRUE,numeric,gaussian,12,-1,250,10,Inf,1000000,1,multisession,1,1000,25,FALSE,FALSE,2,,dependent,401,4096,2026-07-07T21:50:16+0200,jullum-ubuntu,4.6.1,1.0.8.9002,b9c5fcd1,721096,ok,0.8807,25.4566,24.653,0.796,0,0,269706688,4096,1,316,316,13,25.2905,0.0424,0.0273,25.1575,0.0633,345112576,319725568,27.282,0,FALSE,319725568,304.9
406,gaussian,iterative_budget,1,FALSE,numeric,gaussian,12,-1,250,10,Inf,1000000,1,multisession,1,1000,25,FALSE,FALSE,2,,dependent,402,4096,2026-07-07T20:31:53+0200,jullum-ubuntu,4.6.1,1.0.8.9002,b9c5fcd1,654742,ok,0.8884,25.0311,24.646,0.379,0,0,269710736,4096,1,316,316,13,24.8651,0.043,0.0275,24.732,0.0626,344236032,319074304,26.855,0,FALSE,319074304,304.3
407,gaussian,iterative_budget,2,FALSE,numeric,gaussian,12,-1,250,10,Inf,1000000,1,multisession,1,1000,25,FALSE,FALSE,2,,dependent,403,4096,2026-07-07T20:30:16+0200,jullum-ubuntu,4.6.1,1.0.8.9002,b9c5fcd1,651025,ok,0.8926,25.2756,24.654,0.615,0,0,269711152,4096,1,316,316,13,25.1085,0.0422,0.0272,24.9772,0.0619,344592384,318738432,27.08,0,FALSE,318738432,304
408,gaussian,iterative_budget,3,FALSE,numeric,gaussian,12,-1,250,10,Inf,1000000,1,multisession,1,1000,25,FALSE,FALSE,2,,dependent,404,4096,2026-07-07T20:38:19+0200,jullum-ubuntu,4.6.1,1.0.8.9002,b9c5fcd1,663241,ok,0.8905,25.3689,24.622,0.739,0,0,269705392,4096,1,316,316,13,25.2012,0.043,0.0274,25.0685,0.0624,344129536,318525440,27.202,0,FALSE,318525440,303.8
409,gaussian,iterative_budget,0,TRUE,numeric,gaussian,12,1024,250,10,Inf,1000000,1,multisession,1,1000,25,TRUE,FALSE,2,,source,NA,NA,2026-07-15T23:34:28+0200,jullum-ubuntu,4.6.1,1.0.8.9003,10cc557a,2470695,ok,0.8973,3.0406,2.937,0.102,0,0,248330728,200,1,16,16,13,2.8765,0.043,0.0276,2.7988,0.0071,318234624,292540416,4.845,0,FALSE,292540416,279
410,gaussian,iterative_budget,1,FALSE,numeric,gaussian,12,1024,250,10,Inf,1000000,1,multisession,1,1000,25,TRUE,FALSE,2,,source,NA,NA,2026-07-15T23:33:42+0200,jullum-ubuntu,4.6.1,1.0.8.9003,10cc557a,2470100,ok,0.9053,9.2877,9.162,0.124,0,0,248311464,242,5,10,16,13,9.1118,0.043,0.0277,9.032,0.009,318341120,292372480,11.15,0,FALSE,292372480,278.8
411,gaussian,iterative_budget,2,FALSE,numeric,gaussian,12,1024,250,10,Inf,1000000,1,multisession,1,1000,25,TRUE,FALSE,2,,source,NA,NA,2026-07-15T23:38:11+0200,jullum-ubuntu,4.6.1,1.0.8.9003,10cc557a,2475319,ok,0.8927,3.0067,2.895,0.111,0,0,248300352,200,1,16,16,13,2.8487,0.0431,0.0276,2.7706,0.0073,318377984,293666816,4.823,0,FALSE,293666816,280.1
412,gaussian,iterative_budget,3,FALSE,numeric,gaussian,12,1024,250,10,Inf,1000000,1,multisession,1,1000,25,TRUE,FALSE,2,,source,NA,NA,2026-07-15T23:39:10+0200,jullum-ubuntu,4.6.1,1.0.8.9003,10cc557a,2476657,ok,0.8937,3.0718,2.953,0.114,0,0,248271600,200,1,16,16,13,2.9059,0.0433,0.0275,2.8279,0.0073,318283776,292610048,4.882,0,FALSE,292610048,279.1
413,gaussian,iterative_budget,0,TRUE,numeric,gaussian,12,-1,250,10,Inf,1000000,1,multisession,1,1000,25,FALSE,FALSE,2,,dependent,409,4096,2026-07-07T19:25:56+0200,jullum-ubuntu,4.6.1,1.0.8.9002,b9c5fcd1,604755,ok,0.9047,25.9759,25.193,0.775,0,0,269710784,4096,1,316,316,13,25.8024,0.0457,0.0293,25.663,0.0643,343744512,318124032,27.821,0,FALSE,318124032,303.4
414,gaussian,iterative_budget,1,FALSE,numeric,gaussian,12,-1,250,10,Inf,1000000,1,multisession,1,1000,25,FALSE,FALSE,2,,dependent,410,4096,2026-07-07T19:20:36+0200,jullum-ubuntu,4.6.1,1.0.8.9002,b9c5fcd1,593751,ok,0.8892,25.597,24.849,0.739,0,0,269710368,4096,1,316,316,13,25.4288,0.0427,0.0277,25.2959,0.0626,351727616,326975488,27.426,0,FALSE,326975488,311.8
415,gaussian,iterative_budget,2,FALSE,numeric,gaussian,12,-1,250,10,Inf,1000000,1,multisession,1,1000,25,FALSE,FALSE,2,,dependent,411,4096,2026-07-07T21:44:14+0200,jullum-ubuntu,4.6.1,1.0.8.9002,b9c5fcd1,707386,ok,0.8801,25.3245,24.545,0.77,0,0,269710512,4096,1,316,316,13,25.1582,0.0425,0.0273,25.0265,0.0619,352735232,327229440,27.124,0,FALSE,327229440,312.1
416,gaussian,iterative_budget,3,FALSE,numeric,gaussian,12,-1,250,10,Inf,1000000,1,multisession,1,1000,25,FALSE,FALSE,2,,dependent,412,4096,2026-07-07T21:51:30+0200,jullum-ubuntu,4.6.1,1.0.8.9002,b9c5fcd1,722663,ok,0.8889,25.5579,24.79,0.76,0,0,269710656,4096,1,316,316,13,25.3922,0.0429,0.0277,25.2594,0.0622,345366528,319741952,27.362,0,FALSE,319741952,304.9
