id,study,sweep,rep,is_warmup,dataset,approach,n_features,max_n_coalitions,n_MC_samples,min_n_batches,max_batch_size,max_batch_cube_size,workers,backend,dt_threads,n_train,n_explain,iterative,group,group_size,approach_args,pair_role,coalitions_from,coalitions_override,timestamp,hostname,r_version,shapr_version,git_sha,pid,status,data_load_secs,wall_secs,cpu_user_secs,cpu_sys_secs,cpu_user_child_secs,cpu_sys_child_secs,gc_peak_bytes,used_n_coalitions,n_iterations,used_n_batches,used_n_batches_max,effective_max_batch_size,total_time_secs,phase_setup,phase_test_prediction,phase_main_computation,phase_finalize_explanation,peak_rss_tree_bytes,peak_cgroup_bytes,bash_wall_secs,exit_code,timed_out,peak_ram_bytes,peak_ram_mb
1,empirical,scale_train_mc,0,TRUE,numeric,empirical,12,128,50,10,Inf,1000000,1,multisession,1,500,25,FALSE,FALSE,2,"","",NA,NA,2026-07-08T16:03:57+0200,jullum-ubuntu,4.6.1,1.0.8.9002,b9c5fcd1,1009983,ok,0.8847,4.7707,4.743,0.025,0,0,234245208,128,1,10,10,80,4.6071,0.0427,0.0274,4.5309,0.0061,274489344,248315904,6.572,0,FALSE,248315904,236.8
2,empirical,scale_train_mc,1,FALSE,numeric,empirical,12,128,50,10,Inf,1000000,1,multisession,1,500,25,FALSE,FALSE,2,"","",NA,NA,2026-07-08T14:32:51+0200,jullum-ubuntu,4.6.1,1.0.8.9002,b9c5fcd1,992431,ok,0.8838,4.7677,4.733,0.028,0,0,234245320,128,1,10,10,80,4.6042,0.0426,0.0274,4.5281,0.0061,274288640,247390208,6.56,0,FALSE,247390208,235.9
3,empirical,scale_train_mc,2,FALSE,numeric,empirical,12,128,50,10,Inf,1000000,1,multisession,1,500,25,FALSE,FALSE,2,"","",NA,NA,2026-07-08T14:50:46+0200,jullum-ubuntu,4.6.1,1.0.8.9002,b9c5fcd1,999470,ok,0.8847,4.7558,4.725,0.029,0,0,234245856,128,1,10,10,80,4.5927,0.0428,0.0274,4.5164,0.0061,274329600,247681024,6.556,0,FALSE,247681024,236.2
4,empirical,scale_train_mc,3,FALSE,numeric,empirical,12,128,50,10,Inf,1000000,1,multisession,1,500,25,FALSE,FALSE,2,"","",NA,NA,2026-07-08T08:06:44+0200,jullum-ubuntu,4.6.1,1.0.8.9002,b9c5fcd1,936962,ok,0.8795,4.7277,4.703,0.022,0,0,234246328,128,1,10,10,80,4.5653,0.0425,0.0273,4.4896,0.006,274575360,247914496,6.525,0,FALSE,247914496,236.4
5,empirical,scale_train_mc,0,TRUE,numeric,empirical,12,128,50,10,Inf,1000000,1,multisession,1,2500,25,FALSE,FALSE,2,"","",NA,NA,2026-07-08T08:07:08+0200,jullum-ubuntu,4.6.1,1.0.8.9002,b9c5fcd1,937081,ok,0.8876,6.4047,6.287,0.114,0,0,248307288,128,1,10,10,16,6.2411,0.0428,0.0275,6.1647,0.0061,294203392,268226560,8.223,0,FALSE,268226560,255.8
6,empirical,scale_train_mc,1,FALSE,numeric,empirical,12,128,50,10,Inf,1000000,1,multisession,1,2500,25,FALSE,FALSE,2,"","",NA,NA,2026-07-08T11:48:47+0200,jullum-ubuntu,4.6.1,1.0.8.9002,b9c5fcd1,968119,ok,0.8919,6.2848,6.221,0.061,0,0,248307168,128,1,10,10,16,6.1216,0.0424,0.0275,6.0457,0.006,292904960,268115968,8.116,0,FALSE,268115968,255.7
7,empirical,scale_train_mc,2,FALSE,numeric,empirical,12,128,50,10,Inf,1000000,1,multisession,1,2500,25,FALSE,FALSE,2,"","",NA,NA,2026-07-08T14:42:09+0200,jullum-ubuntu,4.6.1,1.0.8.9002,b9c5fcd1,997475,ok,0.8869,6.3341,6.206,0.125,0,0,248308288,128,1,10,10,16,6.171,0.0428,0.0274,6.0948,0.006,292016128,267284480,8.129,0,FALSE,267284480,254.9
8,empirical,scale_train_mc,3,FALSE,numeric,empirical,12,128,50,10,Inf,1000000,1,multisession,1,2500,25,FALSE,FALSE,2,"","",NA,NA,2026-07-08T08:19:46+0200,jullum-ubuntu,4.6.1,1.0.8.9002,b9c5fcd1,943164,ok,0.8933,6.4158,6.33,0.083,0,0,248312504,128,1,10,10,16,6.2529,0.0426,0.0277,6.1766,0.006,292777984,268238848,8.245,0,FALSE,268238848,255.8
9,empirical,scale_train_mc,0,TRUE,numeric,empirical,12,128,50,10,Inf,1000000,1,multisession,1,10000,25,FALSE,FALSE,2,"","",NA,NA,2026-07-08T13:08:13+0200,jullum-ubuntu,4.6.1,1.0.8.9002,b9c5fcd1,982525,ok,0.8846,18.9944,18.107,0.882,0,0,265265880,128,1,32,32,4,18.8304,0.043,0.0282,18.7531,0.0061,315973632,291090432,20.816,0,FALSE,291090432,277.6
10,empirical,scale_train_mc,1,FALSE,numeric,empirical,12,128,50,10,Inf,1000000,1,multisession,1,10000,25,FALSE,FALSE,2,"","",NA,NA,2026-07-08T11:42:39+0200,jullum-ubuntu,4.6.1,1.0.8.9002,b9c5fcd1,967370,ok,0.8804,19.0478,18.046,0.995,0,0,265294520,128,1,32,32,4,18.8843,0.0426,0.0279,18.8077,0.0061,311775232,286777344,20.835,0,FALSE,286777344,273.5
11,empirical,scale_train_mc,2,FALSE,numeric,empirical,12,128,50,10,Inf,1000000,1,multisession,1,10000,25,FALSE,FALSE,2,"","",NA,NA,2026-07-08T14:48:17+0200,jullum-ubuntu,4.6.1,1.0.8.9002,b9c5fcd1,998237,ok,0.8804,19.0833,18.108,0.967,0,0,265265024,128,1,32,32,4,18.919,0.0426,0.0277,18.8426,0.006,311885824,286818304,20.87,0,FALSE,286818304,273.5
12,empirical,scale_train_mc,3,FALSE,numeric,empirical,12,128,50,10,Inf,1000000,1,multisession,1,10000,25,FALSE,FALSE,2,"","",NA,NA,2026-07-08T08:13:56+0200,jullum-ubuntu,4.6.1,1.0.8.9002,b9c5fcd1,940534,ok,0.8892,19.1236,18.077,1.041,0,0,265211792,128,1,32,32,4,18.9539,0.0435,0.028,18.8764,0.006,311627776,286994432,20.925,0,FALSE,286994432,273.7
13,empirical,scale_train_mc,0,TRUE,numeric,empirical,12,128,50,10,Inf,1000000,1,multisession,1,20000,25,FALSE,FALSE,2,"","",NA,NA,2026-07-08T08:25:46+0200,jullum-ubuntu,4.6.1,1.0.8.9002,b9c5fcd1,944212,ok,0.8851,37.2284,35.935,1.283,0,0,265950280,128,1,64,64,2,37.0659,0.0432,0.0286,36.988,0.0061,319074304,294547456,39.034,0,FALSE,294547456,280.9
14,empirical,scale_train_mc,1,FALSE,numeric,empirical,12,128,50,10,Inf,1000000,1,multisession,1,20000,25,FALSE,FALSE,2,"","",NA,NA,2026-07-08T14:37:18+0200,jullum-ubuntu,4.6.1,1.0.8.9002,b9c5fcd1,996731,ok,0.8903,38.0591,35.857,2.192,0,0,265634872,128,1,64,64,2,37.8961,0.0428,0.0282,37.8189,0.0062,317059072,292274176,39.885,0,FALSE,292274176,278.7
15,empirical,scale_train_mc,2,FALSE,numeric,empirical,12,128,50,10,Inf,1000000,1,multisession,1,20000,25,FALSE,FALSE,2,"","",NA,NA,2026-07-08T08:11:27+0200,jullum-ubuntu,4.6.1,1.0.8.9002,b9c5fcd1,940191,ok,0.885,38.0926,35.941,2.144,0,0,265552248,128,1,64,64,2,37.9304,0.0426,0.0281,37.8536,0.0061,318976000,294223872,39.905,0,FALSE,294223872,280.6
16,empirical,scale_train_mc,3,FALSE,numeric,empirical,12,128,50,10,Inf,1000000,1,multisession,1,20000,25,FALSE,FALSE,2,"","",NA,NA,2026-07-08T06:59:43+0200,jullum-ubuntu,4.6.1,1.0.8.9002,b9c5fcd1,927793,ok,0.8831,38.6001,36.394,2.193,0,0,265689848,128,1,64,64,2,38.437,0.0433,0.0282,38.3594,0.006,316592128,291684352,40.387,0,FALSE,291684352,278.2
17,empirical,scale_train_mc,0,TRUE,numeric,empirical,12,128,250,10,Inf,1000000,1,multisession,1,500,25,FALSE,FALSE,2,"","",NA,NA,2026-07-08T13:07:01+0200,jullum-ubuntu,4.6.1,1.0.8.9002,b9c5fcd1,982201,ok,0.8869,4.8744,4.848,0.022,0,0,234245072,128,1,10,10,80,4.7111,0.0427,0.0277,4.6347,0.0061,274427904,247648256,6.676,0,FALSE,247648256,236.2
18,empirical,scale_train_mc,1,FALSE,numeric,empirical,12,128,250,10,Inf,1000000,1,multisession,1,500,25,FALSE,FALSE,2,"","",NA,NA,2026-07-08T11:43:06+0200,jullum-ubuntu,4.6.1,1.0.8.9002,b9c5fcd1,967552,ok,0.8826,4.8174,4.79,0.023,0,0,234246256,128,1,10,10,80,4.6546,0.0424,0.0272,4.579,0.0061,274739200,248324096,6.619,0,FALSE,248324096,236.8
19,empirical,scale_train_mc,2,FALSE,numeric,empirical,12,128,250,10,Inf,1000000,1,multisession,1,500,25,FALSE,FALSE,2,"","",NA,NA,2026-07-08T11:35:02+0200,jullum-ubuntu,4.6.1,1.0.8.9002,b9c5fcd1,963331,ok,0.8793,4.8397,4.804,0.033,0,0,234244640,128,1,10,10,80,4.6749,0.0427,0.0273,4.5987,0.0062,274694144,247451648,6.628,0,FALSE,247451648,236
20,empirical,scale_train_mc,3,FALSE,numeric,empirical,12,128,250,10,Inf,1000000,1,multisession,1,500,25,FALSE,FALSE,2,"","",NA,NA,2026-07-08T14:36:58+0200,jullum-ubuntu,4.6.1,1.0.8.9002,b9c5fcd1,994974,ok,0.8902,4.8888,4.862,0.024,0,0,234246520,128,1,10,10,80,4.7243,0.0432,0.0275,4.6475,0.0061,274546688,247906304,6.689,0,FALSE,247906304,236.4
21,empirical,scale_train_mc,0,TRUE,numeric,empirical,12,128,250,10,Inf,1000000,1,multisession,1,2500,25,FALSE,FALSE,2,"","",NA,NA,2026-07-08T14:12:02+0200,jullum-ubuntu,4.6.1,1.0.8.9002,b9c5fcd1,986647,ok,0.8707,6.7851,6.715,0.067,0,0,265181848,128,1,10,10,16,6.6269,0.0417,0.0286,6.5507,0.0059,313823232,287027200,8.549,0,FALSE,287027200,273.7
22,empirical,scale_train_mc,1,FALSE,numeric,empirical,12,128,250,10,Inf,1000000,1,multisession,1,2500,25,FALSE,FALSE,2,"","",NA,NA,2026-07-08T13:02:22+0200,jullum-ubuntu,4.6.1,1.0.8.9002,b9c5fcd1,979943,ok,0.8904,7.0355,6.952,0.081,0,0,265182384,128,1,10,10,16,6.8712,0.0426,0.0274,6.795,0.0062,314777600,287997952,8.863,0,FALSE,287997952,274.7
23,empirical,scale_train_mc,2,FALSE,numeric,empirical,12,128,250,10,Inf,1000000,1,multisession,1,2500,25,FALSE,FALSE,2,"","",NA,NA,2026-07-08T08:20:13+0200,jullum-ubuntu,4.6.1,1.0.8.9002,b9c5fcd1,943265,ok,0.8916,6.9589,6.89,0.065,0,0,265182456,128,1,10,10,16,6.7943,0.043,0.0276,6.7175,0.0062,310276096,285454336,8.766,0,FALSE,285454336,272.2
24,empirical,scale_train_mc,3,FALSE,numeric,empirical,12,128,250,10,Inf,1000000,1,multisession,1,2500,25,FALSE,FALSE,2,"","",NA,NA,2026-07-08T07:02:55+0200,jullum-ubuntu,4.6.1,1.0.8.9002,b9c5fcd1,929982,ok,0.8895,6.9976,6.927,0.066,0,0,265181328,128,1,10,10,16,6.838,0.043,0.0278,6.7609,0.0064,314814464,289345536,8.825,0,FALSE,289345536,275.9
25,empirical,scale_train_mc,0,TRUE,numeric,empirical,12,128,250,10,Inf,1000000,1,multisession,1,10000,25,FALSE,FALSE,2,"","",NA,NA,2026-07-08T11:49:56+0200,jullum-ubuntu,4.6.1,1.0.8.9002,b9c5fcd1,968438,ok,0.8859,19.3904,19.041,0.344,0,0,265216264,128,1,32,32,4,19.2274,0.0426,0.0277,19.1509,0.0061,312655872,287883264,21.191,0,FALSE,287883264,274.5
26,empirical,scale_train_mc,1,FALSE,numeric,empirical,12,128,250,10,Inf,1000000,1,multisession,1,10000,25,FALSE,FALSE,2,"","",NA,NA,2026-07-08T14:37:58+0200,jullum-ubuntu,4.6.1,1.0.8.9002,b9c5fcd1,996831,ok,0.8852,19.5367,19.162,0.366,0,0,265216360,128,1,32,32,4,19.3732,0.0427,0.0278,19.2965,0.0062,312205312,286638080,21.352,0,FALSE,286638080,273.4
27,empirical,scale_train_mc,2,FALSE,numeric,empirical,12,128,250,10,Inf,1000000,1,multisession,1,10000,25,FALSE,FALSE,2,"","",NA,NA,2026-07-08T05:57:21+0200,jullum-ubuntu,4.6.1,1.0.8.9002,b9c5fcd1,922760,ok,0.8896,19.4524,19.167,0.278,0,0,265255088,128,1,32,32,4,19.2889,0.0431,0.0279,19.2118,0.0062,314683392,290258944,21.255,0,FALSE,290258944,276.8
28,empirical,scale_train_mc,3,FALSE,numeric,empirical,12,128,250,10,Inf,1000000,1,multisession,1,10000,25,FALSE,FALSE,2,"","",NA,NA,2026-07-08T11:48:25+0200,jullum-ubuntu,4.6.1,1.0.8.9002,b9c5fcd1,968024,ok,0.8767,19.3198,19.021,0.292,0,0,265363568,128,1,32,32,4,19.1572,0.0422,0.0276,19.0813,0.006,313688064,288112640,21.109,0,FALSE,288112640,274.8
29,empirical,scale_train_mc,0,TRUE,numeric,empirical,12,128,250,10,Inf,1000000,1,multisession,1,20000,25,FALSE,FALSE,2,"","",NA,NA,2026-07-08T13:08:47+0200,jullum-ubuntu,4.6.1,1.0.8.9002,b9c5fcd1,982671,ok,0.876,38.5168,37.473,1.032,0,0,265790408,128,1,64,64,2,38.3557,0.0419,0.0279,38.2799,0.0061,320507904,297160704,40.306,0,FALSE,297160704,283.4
30,empirical,scale_train_mc,1,FALSE,numeric,empirical,12,128,250,10,Inf,1000000,1,multisession,1,20000,25,FALSE,FALSE,2,"","",NA,NA,2026-07-08T14:50:00+0200,jullum-ubuntu,4.6.1,1.0.8.9002,b9c5fcd1,998942,ok,0.8794,37.8896,37.418,0.46,0,0,265877896,128,1,64,64,2,37.7274,0.0428,0.0286,37.6498,0.0062,323837952,296857600,39.712,0,FALSE,296857600,283.1
31,empirical,scale_train_mc,2,FALSE,numeric,empirical,12,128,250,10,Inf,1000000,1,multisession,1,20000,25,FALSE,FALSE,2,"","",NA,NA,2026-07-08T13:03:40+0200,jullum-ubuntu,4.6.1,1.0.8.9002,b9c5fcd1,980566,ok,0.8905,37.6367,37.336,0.291,0,0,265744640,128,1,64,64,2,37.4734,0.0433,0.0285,37.3955,0.0061,325283840,301445120,39.442,0,FALSE,301445120,287.5
32,empirical,scale_train_mc,3,FALSE,numeric,empirical,12,128,250,10,Inf,1000000,1,multisession,1,20000,25,FALSE,FALSE,2,"","",NA,NA,2026-07-08T14:09:34+0200,jullum-ubuntu,4.6.1,1.0.8.9002,b9c5fcd1,986453,ok,0.8866,38.5546,37.574,0.967,0,0,265759072,128,1,64,64,2,38.3894,0.043,0.0285,38.3118,0.0061,320421888,295555072,40.351,0,FALSE,295555072,281.9
33,empirical,scale_train_mc,0,TRUE,numeric,empirical,12,128,1000,10,Inf,1000000,1,multisession,1,500,25,FALSE,FALSE,2,"","",NA,NA,2026-07-08T14:49:53+0200,jullum-ubuntu,4.6.1,1.0.8.9002,b9c5fcd1,998902,ok,0.8809,4.8507,4.826,0.022,0,0,234246184,128,1,10,10,80,4.6884,0.0431,0.0273,4.6117,0.0062,274595840,247947264,6.651,0,FALSE,247947264,236.5
34,empirical,scale_train_mc,1,FALSE,numeric,empirical,12,128,1000,10,Inf,1000000,1,multisession,1,500,25,FALSE,FALSE,2,"","",NA,NA,2026-07-08T14:39:58+0200,jullum-ubuntu,4.6.1,1.0.8.9002,b9c5fcd1,997221,ok,0.8762,4.8351,4.796,0.025,0,0,234246176,128,1,10,10,80,4.6729,0.0424,0.0272,4.5971,0.0061,274894848,247836672,6.652,0,FALSE,247836672,236.4
35,empirical,scale_train_mc,2,FALSE,numeric,empirical,12,128,1000,10,Inf,1000000,1,multisession,1,500,25,FALSE,FALSE,2,"","",NA,NA,2026-07-08T16:02:06+0200,jullum-ubuntu,4.6.1,1.0.8.9002,b9c5fcd1,1007834,ok,0.8843,4.8516,4.828,0.021,0,0,234246520,128,1,10,10,80,4.6876,0.0428,0.028,4.6106,0.0063,274735104,247566336,6.648,0,FALSE,247566336,236.1
36,empirical,scale_train_mc,3,FALSE,numeric,empirical,12,128,1000,10,Inf,1000000,1,multisession,1,500,25,FALSE,FALSE,2,"","",NA,NA,2026-07-08T14:34:07+0200,jullum-ubuntu,4.6.1,1.0.8.9002,b9c5fcd1,992789,ok,0.8846,4.8756,4.847,0.026,0,0,234246768,128,1,10,10,80,4.7127,0.043,0.0276,4.6359,0.0061,274706432,247758848,6.66,0,FALSE,247758848,236.3
37,empirical,scale_train_mc,0,TRUE,numeric,empirical,12,128,1000,10,Inf,1000000,1,multisession,1,2500,25,FALSE,FALSE,2,"","",NA,NA,2026-07-08T05:58:03+0200,jullum-ubuntu,4.6.1,1.0.8.9002,b9c5fcd1,923083,ok,0.8851,7.5038,7.417,0.082,0,0,265179840,128,1,10,10,16,7.346,0.0425,0.0274,7.2699,0.0061,310419456,285495296,9.331,0,FALSE,285495296,272.3
38,empirical,scale_train_mc,1,FALSE,numeric,empirical,12,128,1000,10,Inf,1000000,1,multisession,1,2500,25,FALSE,FALSE,2,"","",NA,NA,2026-07-08T08:06:15+0200,jullum-ubuntu,4.6.1,1.0.8.9002,b9c5fcd1,936230,ok,0.8861,7.5465,7.484,0.058,0,0,265182408,128,1,10,10,16,7.3806,0.0427,0.0275,7.3041,0.0063,313311232,286867456,9.361,0,FALSE,286867456,273.6
39,empirical,scale_train_mc,2,FALSE,numeric,empirical,12,128,1000,10,Inf,1000000,1,multisession,1,2500,25,FALSE,FALSE,2,"","",NA,NA,2026-07-08T09:32:55+0200,jullum-ubuntu,4.6.1,1.0.8.9002,b9c5fcd1,949371,ok,0.8793,7.5472,7.468,0.076,0,0,265182232,128,1,10,10,16,7.3831,0.0424,0.0275,7.3065,0.0067,312147968,287969280,9.37,0,FALSE,287969280,274.6
40,empirical,scale_train_mc,3,FALSE,numeric,empirical,12,128,1000,10,Inf,1000000,1,multisession,1,2500,25,FALSE,FALSE,2,"","",NA,NA,2026-07-08T13:05:50+0200,jullum-ubuntu,4.6.1,1.0.8.9002,b9c5fcd1,982002,ok,0.8832,7.552,7.463,0.082,0,0,265182408,128,1,10,10,16,7.387,0.0429,0.0279,7.3101,0.0062,313507840,287551488,9.373,0,FALSE,287551488,274.2
41,empirical,scale_train_mc,0,TRUE,numeric,empirical,12,128,1000,10,Inf,1000000,1,multisession,1,10000,25,FALSE,FALSE,2,"","",NA,NA,2026-07-08T08:08:08+0200,jullum-ubuntu,4.6.1,1.0.8.9002,b9c5fcd1,939374,ok,0.8812,21.4221,21.286,0.127,0,0,285522840,128,1,32,32,4,21.2587,0.0427,0.0277,21.1822,0.006,336609280,311705600,23.219,0,FALSE,311705600,297.3
42,empirical,scale_train_mc,1,FALSE,numeric,empirical,12,128,1000,10,Inf,1000000,1,multisession,1,10000,25,FALSE,FALSE,2,"","",NA,NA,2026-07-08T13:00:38+0200,jullum-ubuntu,4.6.1,1.0.8.9002,b9c5fcd1,979499,ok,0.8834,21.6511,21.479,0.165,0,0,285564608,128,1,32,32,4,21.4869,0.0429,0.0278,21.4102,0.0061,336281600,311357440,23.448,0,FALSE,311357440,296.9
43,empirical,scale_train_mc,2,FALSE,numeric,empirical,12,128,1000,10,Inf,1000000,1,multisession,1,10000,25,FALSE,FALSE,2,"","",NA,NA,2026-07-08T14:28:37+0200,jullum-ubuntu,4.6.1,1.0.8.9002,b9c5fcd1,990861,ok,0.8948,21.3421,21.216,0.119,0,0,285491176,128,1,32,32,4,21.1838,0.0426,0.028,21.1074,0.0059,337137664,312303616,23.145,0,FALSE,312303616,297.8
44,empirical,scale_train_mc,3,FALSE,numeric,empirical,12,128,1000,10,Inf,1000000,1,multisession,1,10000,25,FALSE,FALSE,2,"","",NA,NA,2026-07-08T08:19:22+0200,jullum-ubuntu,4.6.1,1.0.8.9002,b9c5fcd1,943068,ok,0.8789,21.4367,21.242,0.188,0,0,285468032,128,1,32,32,4,21.2606,0.0425,0.0277,21.1841,0.0062,332918784,308097024,23.235,0,FALSE,308097024,293.8
45,empirical,scale_train_mc,0,TRUE,numeric,empirical,12,128,1000,10,Inf,1000000,1,multisession,1,20000,25,FALSE,FALSE,2,"","",NA,NA,2026-07-08T11:51:25+0200,jullum-ubuntu,4.6.1,1.0.8.9002,b9c5fcd1,969963,ok,0.8763,41.5719,41.174,0.384,0,0,286003472,128,1,64,64,2,41.4118,0.0427,0.0282,41.3351,0.0059,335990784,311033856,43.364,0,FALSE,311033856,296.6
46,empirical,scale_train_mc,1,FALSE,numeric,empirical,12,128,1000,10,Inf,1000000,1,multisession,1,20000,25,FALSE,FALSE,2,"","",NA,NA,2026-07-08T14:41:06+0200,jullum-ubuntu,4.6.1,1.0.8.9002,b9c5fcd1,997350,ok,0.8873,39.5188,39.196,0.313,0,0,285829960,128,1,64,64,2,39.3498,0.043,0.0281,39.2726,0.006,341135360,316424192,41.337,0,FALSE,316424192,301.8
47,empirical,scale_train_mc,2,FALSE,numeric,empirical,12,128,1000,10,Inf,1000000,1,multisession,1,20000,25,FALSE,FALSE,2,"","",NA,NA,2026-07-08T13:04:28+0200,jullum-ubuntu,4.6.1,1.0.8.9002,b9c5fcd1,980648,ok,0.8909,40.9808,40.534,0.432,0,0,286099336,128,1,64,64,2,40.8165,0.0434,0.0286,40.7384,0.006,338259968,312721408,42.809,0,FALSE,312721408,298.2
48,empirical,scale_train_mc,3,FALSE,numeric,empirical,12,128,1000,10,Inf,1000000,1,multisession,1,20000,25,FALSE,FALSE,2,"","",NA,NA,2026-07-08T14:48:39+0200,jullum-ubuntu,4.6.1,1.0.8.9002,b9c5fcd1,998332,ok,0.8792,40.2001,39.785,0.4,0,0,285949968,128,1,64,64,2,40.0379,0.0427,0.0282,39.961,0.006,337403904,312770560,42.006,0,FALSE,312770560,298.3
49,empirical,features,0,TRUE,numeric,empirical,4,128,250,10,Inf,1000000,1,multisession,1,1000,25,FALSE,FALSE,2,"","",NA,NA,2026-07-08T07:00:41+0200,jullum-ubuntu,4.6.1,1.0.8.9002,b9c5fcd1,928866,ok,0.8848,3.4213,3.397,0.021,0,0,218550096,16,1,10,10,40,3.2653,0.0423,0.0272,3.1912,0.0046,268398592,242139136,5.218,0,FALSE,242139136,230.9
50,empirical,features,1,FALSE,numeric,empirical,4,128,250,10,Inf,1000000,1,multisession,1,1000,25,FALSE,FALSE,2,"","",NA,NA,2026-07-08T07:00:47+0200,jullum-ubuntu,4.6.1,1.0.8.9002,b9c5fcd1,928905,ok,0.8863,3.4183,3.389,0.027,0,0,218332528,16,1,10,10,40,3.2611,0.0423,0.0274,3.1868,0.0047,268029952,241561600,5.224,0,FALSE,241561600,230.4
51,empirical,features,2,FALSE,numeric,empirical,4,128,250,10,Inf,1000000,1,multisession,1,1000,25,FALSE,FALSE,2,"","",NA,NA,2026-07-08T13:09:28+0200,jullum-ubuntu,4.6.1,1.0.8.9002,b9c5fcd1,982716,ok,0.8764,3.4034,3.371,0.03,0,0,218351768,16,1,10,10,40,3.2471,0.0421,0.0271,3.1732,0.0047,268177408,241393664,5.187,0,FALSE,241393664,230.2
52,empirical,features,3,FALSE,numeric,empirical,4,128,250,10,Inf,1000000,1,multisession,1,1000,25,FALSE,FALSE,2,"","",NA,NA,2026-07-08T07:00:24+0200,jullum-ubuntu,4.6.1,1.0.8.9002,b9c5fcd1,927908,ok,0.8837,3.4377,3.406,0.03,0,0,218218256,16,1,10,10,40,3.2773,0.0423,0.0274,3.2028,0.0047,268046336,241377280,5.237,0,FALSE,241377280,230.2
53,empirical,features,0,TRUE,numeric,empirical,8,128,250,10,Inf,1000000,1,multisession,1,1000,25,FALSE,FALSE,2,"","",NA,NA,2026-07-16T00:07:41+0200,jullum-ubuntu,4.6.1,1.0.8.9003,10cc557a,2509160,ok,0.9004,5.3736,5.343,0.029,0,0,234250776,128,1,10,10,40,5.2093,0.0429,0.0275,5.1328,0.0061,282075136,257302528,7.173,0,FALSE,257302528,245.4
54,empirical,features,1,FALSE,numeric,empirical,8,128,250,10,Inf,1000000,1,multisession,1,1000,25,FALSE,FALSE,2,"","",NA,NA,2026-07-16T00:17:18+0200,jullum-ubuntu,4.6.1,1.0.8.9003,10cc557a,2517964,ok,0.8917,5.3757,5.346,0.029,0,0,234244000,128,1,10,10,40,5.2056,0.0428,0.0274,5.1289,0.0065,282075136,257298432,7.172,0,FALSE,257298432,245.4
55,empirical,features,2,FALSE,numeric,empirical,8,128,250,10,Inf,1000000,1,multisession,1,1000,25,FALSE,FALSE,2,"","",NA,NA,2026-07-16T00:17:31+0200,jullum-ubuntu,4.6.1,1.0.8.9003,10cc557a,2518401,ok,0.8902,5.3477,5.312,0.035,0,0,234248144,128,1,10,10,40,5.1749,0.0432,0.0274,5.0978,0.0065,284422144,257269760,7.137,0,FALSE,257269760,245.4
56,empirical,features,3,FALSE,numeric,empirical,8,128,250,10,Inf,1000000,1,multisession,1,1000,25,FALSE,FALSE,2,"","",NA,NA,2026-07-16T00:04:39+0200,jullum-ubuntu,4.6.1,1.0.8.9003,10cc557a,2506423,ok,0.9074,5.3069,5.278,0.029,0,0,234248144,128,1,10,10,40,5.1479,0.0437,0.028,5.0695,0.0066,284045312,257400832,7.128,0,FALSE,257400832,245.5
57,empirical,features,0,TRUE,numeric,empirical,12,128,250,10,Inf,1000000,1,multisession,1,1000,25,FALSE,FALSE,2,"","",NA,NA,2026-07-08T11:35:17+0200,jullum-ubuntu,4.6.1,1.0.8.9002,b9c5fcd1,963415,ok,0.8872,5.3992,5.366,0.029,0,0,248309664,128,1,10,10,40,5.235,0.0429,0.0277,5.1583,0.0061,284995584,258326528,7.21,0,FALSE,258326528,246.4
58,empirical,features,1,FALSE,numeric,empirical,12,128,250,10,Inf,1000000,1,multisession,1,1000,25,FALSE,FALSE,2,"","",NA,NA,2026-07-08T11:51:03+0200,jullum-ubuntu,4.6.1,1.0.8.9002,b9c5fcd1,968766,ok,0.8839,5.3827,5.346,0.034,0,0,248307464,128,1,10,10,40,5.2205,0.0421,0.027,5.1453,0.0061,284807168,258048000,7.174,0,FALSE,258048000,246.1
59,empirical,features,2,FALSE,numeric,empirical,12,128,250,10,Inf,1000000,1,multisession,1,1000,25,FALSE,FALSE,2,"","",NA,NA,2026-07-08T05:57:43+0200,jullum-ubuntu,4.6.1,1.0.8.9002,b9c5fcd1,922859,ok,0.8876,5.4733,5.43,0.036,0,0,248303432,128,1,10,10,40,5.3091,0.0426,0.0274,5.233,0.0061,285249536,258719744,7.272,0,FALSE,258719744,246.7
60,empirical,features,3,FALSE,numeric,empirical,12,128,250,10,Inf,1000000,1,multisession,1,1000,25,FALSE,FALSE,2,"","",NA,NA,2026-07-08T11:58:47+0200,jullum-ubuntu,4.6.1,1.0.8.9002,b9c5fcd1,971160,ok,0.8799,5.417,5.385,0.029,0,0,248308248,128,1,10,10,40,5.2554,0.0423,0.0272,5.1799,0.006,284901376,258097152,7.217,0,FALSE,258097152,246.1
61,empirical,features,0,TRUE,numeric,empirical,16,128,250,10,Inf,1000000,1,multisession,1,1000,25,FALSE,FALSE,2,"","",NA,NA,2026-07-08T14:36:20+0200,jullum-ubuntu,4.6.1,1.0.8.9002,b9c5fcd1,994719,ok,0.8865,5.6537,5.62,0.031,0,0,248310896,128,1,10,10,40,5.4942,0.0426,0.0277,5.4177,0.0062,285749248,261087232,7.432,0,FALSE,261087232,249
62,empirical,features,1,FALSE,numeric,empirical,16,128,250,10,Inf,1000000,1,multisession,1,1000,25,FALSE,FALSE,2,"","",NA,NA,2026-07-08T15:59:59+0200,jullum-ubuntu,4.6.1,1.0.8.9002,b9c5fcd1,1007620,ok,0.8905,5.6284,5.572,0.053,0,0,248312960,128,1,10,10,40,5.4714,0.0426,0.0273,5.3951,0.0063,285896704,262000640,7.436,0,FALSE,262000640,249.9
63,empirical,features,2,FALSE,numeric,empirical,16,128,250,10,Inf,1000000,1,multisession,1,1000,25,FALSE,FALSE,2,"","",NA,NA,2026-07-08T05:58:13+0200,jullum-ubuntu,4.6.1,1.0.8.9002,b9c5fcd1,923122,ok,0.8878,5.6494,5.604,0.042,0,0,248311016,128,1,10,10,40,5.4902,0.0429,0.0276,5.4135,0.0062,287059968,261197824,7.448,0,FALSE,261197824,249.1
64,empirical,features,3,FALSE,numeric,empirical,16,128,250,10,Inf,1000000,1,multisession,1,1000,25,FALSE,FALSE,2,"","",NA,NA,2026-07-08T12:00:29+0200,jullum-ubuntu,4.6.1,1.0.8.9002,b9c5fcd1,975708,ok,0.8835,5.6171,5.576,0.036,0,0,248308456,128,1,10,10,40,5.4618,0.0422,0.0272,5.3863,0.0061,286494720,262348800,7.414,0,FALSE,262348800,250.2
65,empirical,features,0,TRUE,numeric,empirical,20,128,250,10,Inf,1000000,1,multisession,1,1000,25,FALSE,FALSE,2,"","",NA,NA,2026-07-08T14:28:28+0200,jullum-ubuntu,4.6.1,1.0.8.9002,b9c5fcd1,990821,ok,0.8929,5.9508,5.896,0.052,0,0,248313632,128,1,10,10,40,5.7851,0.043,0.0277,5.7082,0.0063,292175872,268079104,7.77,0,FALSE,268079104,255.7
66,empirical,features,1,FALSE,numeric,empirical,20,128,250,10,Inf,1000000,1,multisession,1,1000,25,FALSE,FALSE,2,"","",NA,NA,2026-07-08T14:33:16+0200,jullum-ubuntu,4.6.1,1.0.8.9002,b9c5fcd1,992660,ok,0.8863,5.9273,5.895,0.029,0,0,248314480,128,1,10,10,40,5.7633,0.043,0.0278,5.6865,0.0061,292786176,268029952,7.731,0,FALSE,268029952,255.6
67,empirical,features,2,FALSE,numeric,empirical,20,128,250,10,Inf,1000000,1,multisession,1,1000,25,FALSE,FALSE,2,"","",NA,NA,2026-07-08T13:06:19+0200,jullum-ubuntu,4.6.1,1.0.8.9002,b9c5fcd1,982084,ok,0.8839,5.9026,5.851,0.046,0,0,248314504,128,1,10,10,40,5.7391,0.0429,0.0277,5.6623,0.0062,291942400,266948608,7.702,0,FALSE,266948608,254.6
68,empirical,features,3,FALSE,numeric,empirical,20,128,250,10,Inf,1000000,1,multisession,1,1000,25,FALSE,FALSE,2,"","",NA,NA,2026-07-08T11:52:30+0200,jullum-ubuntu,4.6.1,1.0.8.9002,b9c5fcd1,970328,ok,0.8877,5.9828,5.933,0.047,0,0,248317984,128,1,10,10,40,5.8196,0.0428,0.0275,5.743,0.0062,293208064,268541952,7.78,0,FALSE,268541952,256.1
69,empirical,features,0,TRUE,numeric,empirical,30,128,250,10,Inf,1000000,1,multisession,1,1000,25,FALSE,FALSE,2,"","",NA,NA,2026-07-08T08:07:51+0200,jullum-ubuntu,4.6.1,1.0.8.9002,b9c5fcd1,939190,ok,0.8844,6.8155,6.762,0.051,0,0,264160904,128,1,10,10,40,6.6518,0.0433,0.0277,6.5746,0.0062,311570432,286871552,8.601,0,FALSE,286871552,273.6
70,empirical,features,1,FALSE,numeric,empirical,30,128,250,10,Inf,1000000,1,multisession,1,1000,25,FALSE,FALSE,2,"","",NA,NA,2026-07-08T14:31:23+0200,jullum-ubuntu,4.6.1,1.0.8.9002,b9c5fcd1,991241,ok,0.8872,6.7965,6.748,0.046,0,0,264832760,128,1,10,10,40,6.638,0.0432,0.0279,6.5606,0.0064,308981760,284397568,8.599,0,FALSE,284397568,271.2
71,empirical,features,2,FALSE,numeric,empirical,30,128,250,10,Inf,1000000,1,multisession,1,1000,25,FALSE,FALSE,2,"","",NA,NA,2026-07-08T10:33:06+0200,jullum-ubuntu,4.6.1,1.0.8.9002,b9c5fcd1,953235,ok,0.8854,6.6868,6.618,0.066,0,0,264600864,128,1,10,10,40,6.523,0.043,0.0276,6.4462,0.0062,310714368,286130176,8.497,0,FALSE,286130176,272.9
72,empirical,features,3,FALSE,numeric,empirical,30,128,250,10,Inf,1000000,1,multisession,1,1000,25,FALSE,FALSE,2,"","",NA,NA,2026-07-08T12:00:04+0200,jullum-ubuntu,4.6.1,1.0.8.9002,b9c5fcd1,973941,ok,0.8889,6.8172,6.756,0.058,0,0,264484856,128,1,10,10,40,6.6607,0.0434,0.0278,6.5832,0.0062,309563392,284930048,8.623,0,FALSE,284930048,271.7
73,empirical,coalitions,0,TRUE,numeric,empirical,12,16,250,10,Inf,1000000,1,multisession,1,1000,25,FALSE,FALSE,2,"","",NA,NA,2026-07-08T14:32:59+0200,jullum-ubuntu,4.6.1,1.0.8.9002,b9c5fcd1,992470,ok,0.8867,4.2292,4.203,0.024,0,0,223334880,16,1,10,10,40,4.0667,0.0427,0.0277,3.9917,0.0046,271249408,244215808,6.026,0,FALSE,244215808,232.9
74,empirical,coalitions,1,FALSE,numeric,empirical,12,16,250,10,Inf,1000000,1,multisession,1,1000,25,FALSE,FALSE,2,"","",NA,NA,2026-07-08T11:34:38+0200,jullum-ubuntu,4.6.1,1.0.8.9002,b9c5fcd1,963014,ok,0.8838,4.229,4.199,0.028,0,0,223235072,16,1,10,10,40,4.0656,0.0427,0.0281,3.99,0.0048,270917632,244563968,6.018,0,FALSE,244563968,233.2
75,empirical,coalitions,2,FALSE,numeric,empirical,12,16,250,10,Inf,1000000,1,multisession,1,1000,25,FALSE,FALSE,2,"","",NA,NA,2026-07-08T11:52:23+0200,jullum-ubuntu,4.6.1,1.0.8.9002,b9c5fcd1,970285,ok,0.8831,4.2105,4.174,0.034,0,0,222606624,16,1,10,10,40,4.0478,0.0426,0.0273,3.9734,0.0046,270741504,243605504,6.001,0,FALSE,243605504,232.3
76,empirical,coalitions,3,FALSE,numeric,empirical,12,16,250,10,Inf,1000000,1,multisession,1,1000,25,FALSE,FALSE,2,"","",NA,NA,2026-07-08T15:59:46+0200,jullum-ubuntu,4.6.1,1.0.8.9002,b9c5fcd1,1007524,ok,0.887,4.2131,4.187,0.024,0,0,221800568,16,1,10,10,40,4.0509,0.0426,0.0273,3.9764,0.0046,271175680,243593216,6.013,0,FALSE,243593216,232.3
77,empirical,coalitions,0,TRUE,numeric,empirical,12,64,250,10,Inf,1000000,1,multisession,1,1000,25,FALSE,FALSE,2,"","",NA,NA,2026-07-08T14:27:13+0200,jullum-ubuntu,4.6.1,1.0.8.9002,b9c5fcd1,990096,ok,0.8857,4.6888,4.65,0.037,0,0,234246472,64,1,10,10,40,4.5308,0.0426,0.0275,4.4553,0.0054,276287488,249827328,6.492,0,FALSE,249827328,238.3
78,empirical,coalitions,1,FALSE,numeric,empirical,12,64,250,10,Inf,1000000,1,multisession,1,1000,25,FALSE,FALSE,2,"","",NA,NA,2026-07-08T11:33:28+0200,jullum-ubuntu,4.6.1,1.0.8.9002,b9c5fcd1,958643,ok,0.8837,4.6985,4.67,0.026,0,0,234246416,64,1,10,10,40,4.5412,0.0425,0.0273,4.466,0.0053,276774912,250163200,6.502,0,FALSE,250163200,238.6
79,empirical,coalitions,2,FALSE,numeric,empirical,12,64,250,10,Inf,1000000,1,multisession,1,1000,25,FALSE,FALSE,2,"","",NA,NA,2026-07-08T16:03:33+0200,jullum-ubuntu,4.6.1,1.0.8.9002,b9c5fcd1,1009848,ok,0.8759,4.6708,4.642,0.026,0,0,234246520,64,1,10,10,40,4.5142,0.0423,0.0272,4.4395,0.0053,276361216,249479168,6.442,0,FALSE,249479168,237.9
80,empirical,coalitions,3,FALSE,numeric,empirical,12,64,250,10,Inf,1000000,1,multisession,1,1000,25,FALSE,FALSE,2,"","",NA,NA,2026-07-08T08:08:00+0200,jullum-ubuntu,4.6.1,1.0.8.9002,b9c5fcd1,939231,ok,0.8806,4.7919,4.761,0.026,0,0,234246520,64,1,10,10,40,4.6334,0.0425,0.0273,4.5584,0.0053,276656128,249430016,6.583,0,FALSE,249430016,237.9
81,empirical,coalitions,0,TRUE,numeric,empirical,12,256,250,10,Inf,1000000,1,multisession,1,1000,25,FALSE,FALSE,2,"","",NA,NA,2026-07-16T00:00:31+0200,jullum-ubuntu,4.6.1,1.0.8.9003,10cc557a,2502470,ok,0.8993,7.1334,7.071,0.059,0,0,248582992,256,1,10,10,40,6.9637,0.0439,0.0291,6.8828,0.0079,301232128,274194432,8.966,0,FALSE,274194432,261.5
82,empirical,coalitions,1,FALSE,numeric,empirical,12,256,250,10,Inf,1000000,1,multisession,1,1000,25,FALSE,FALSE,2,"","",NA,NA,2026-07-16T00:13:20+0200,jullum-ubuntu,4.6.1,1.0.8.9003,10cc557a,2514477,ok,0.8968,6.896,6.825,0.069,0,0,265177800,256,1,10,10,40,6.7331,0.0429,0.0273,6.6551,0.0078,304832512,279371776,8.71,0,FALSE,279371776,266.4
83,empirical,coalitions,2,FALSE,numeric,empirical,12,256,250,10,Inf,1000000,1,multisession,1,1000,25,FALSE,FALSE,2,"","",NA,NA,2026-07-16T00:16:06+0200,jullum-ubuntu,4.6.1,1.0.8.9003,10cc557a,2516883,ok,0.9047,7.1101,7.026,0.077,0,0,248308288,256,1,10,10,40,6.9515,0.0433,0.0273,6.8605,0.0204,303869952,276959232,8.967,0,FALSE,276959232,264.1
84,empirical,coalitions,3,FALSE,numeric,empirical,12,256,250,10,Inf,1000000,1,multisession,1,1000,25,FALSE,FALSE,2,"","",NA,NA,2026-07-16T00:04:16+0200,jullum-ubuntu,4.6.1,1.0.8.9003,10cc557a,2505908,ok,0.8913,7.05,6.98,0.068,0,0,249993304,256,1,10,10,40,6.8811,0.0435,0.0278,6.802,0.0077,298721280,271777792,8.88,0,FALSE,271777792,259.2
85,empirical,coalitions,0,TRUE,numeric,empirical,12,512,250,10,Inf,1000000,1,multisession,1,1000,25,FALSE,FALSE,2,"","",NA,NA,2026-07-16T00:16:19+0200,jullum-ubuntu,4.6.1,1.0.8.9003,10cc557a,2517006,ok,0.8758,11.0407,10.97,0.065,0,0,285424056,512,1,13,13,40,10.8661,0.0422,0.0268,10.7861,0.011,335355904,308502528,12.864,0,FALSE,308502528,294.2
86,empirical,coalitions,1,FALSE,numeric,empirical,12,512,250,10,Inf,1000000,1,multisession,1,1000,25,FALSE,FALSE,2,"","",NA,NA,2026-07-16T00:09:38+0200,jullum-ubuntu,4.6.1,1.0.8.9003,10cc557a,2510946,ok,0.8935,11.2564,11.161,0.092,0,0,270214616,512,1,13,13,40,11.0784,0.0434,0.0276,10.9963,0.011,332513280,305475584,13.09,0,FALSE,305475584,291.3
87,empirical,coalitions,2,FALSE,numeric,empirical,12,512,250,10,Inf,1000000,1,multisession,1,1000,25,FALSE,FALSE,2,"","",NA,NA,2026-07-16T00:01:14+0200,jullum-ubuntu,4.6.1,1.0.8.9003,10cc557a,2503074,ok,0.9138,10.9707,10.898,0.067,0,0,285431352,512,1,13,13,40,10.8029,0.0426,0.0279,10.7209,0.0116,333352960,306434048,12.82,0,FALSE,306434048,292.2
88,empirical,coalitions,3,FALSE,numeric,empirical,12,512,250,10,Inf,1000000,1,multisession,1,1000,25,FALSE,FALSE,2,"","",NA,NA,2026-07-15T23:59:25+0200,jullum-ubuntu,4.6.1,1.0.8.9003,10cc557a,2501164,ok,0.926,11.2633,11.188,0.069,0,0,285427664,512,1,13,13,40,11.0884,0.0436,0.0282,11.0057,0.011,334405632,307761152,13.213,0,FALSE,307761152,293.5
89,empirical,coalitions,0,TRUE,numeric,empirical,12,1024,250,10,Inf,1000000,1,multisession,1,1000,25,FALSE,FALSE,2,"","",NA,NA,2026-07-16T00:17:39+0200,jullum-ubuntu,4.6.1,1.0.8.9003,10cc557a,2518555,ok,0.9214,21.5419,21.37,0.167,0,0,346198496,1024,1,26,26,40,21.3822,0.0442,0.0293,21.2906,0.0181,436957184,410619904,23.442,0,FALSE,410619904,391.6
90,empirical,coalitions,1,FALSE,numeric,empirical,12,1024,250,10,Inf,1000000,1,multisession,1,1000,25,FALSE,FALSE,2,"","",NA,NA,2026-07-16T00:07:09+0200,jullum-ubuntu,4.6.1,1.0.8.9003,10cc557a,2508623,ok,0.8835,21.1655,20.974,0.185,0,0,381147848,1024,1,26,26,40,21.0063,0.0426,0.0273,20.9184,0.0181,466194432,439980032,23.022,0,FALSE,439980032,419.6
91,empirical,coalitions,2,FALSE,numeric,empirical,12,1024,250,10,Inf,1000000,1,multisession,1,1000,25,FALSE,FALSE,2,"","",NA,NA,2026-07-16T00:14:03+0200,jullum-ubuntu,4.6.1,1.0.8.9003,10cc557a,2515128,ok,0.8871,20.7271,20.52,0.201,0,0,370030928,1024,1,26,26,40,20.5677,0.0432,0.028,20.4781,0.0184,458473472,433635328,22.578,0,FALSE,433635328,413.5
92,empirical,coalitions,3,FALSE,numeric,empirical,12,1024,250,10,Inf,1000000,1,multisession,1,1000,25,FALSE,FALSE,2,"","",NA,NA,2026-07-16T00:08:58+0200,jullum-ubuntu,4.6.1,1.0.8.9003,10cc557a,2510396,ok,0.8868,20.9627,20.83,0.127,0,0,375796416,1024,1,26,26,40,20.7975,0.0424,0.0272,20.7104,0.0175,442191872,415952896,22.81,0,FALSE,415952896,396.7
93,empirical,highdim_cap,0,TRUE,numeric,empirical,30,128,250,10,Inf,1000000,1,multisession,1,10000,25,FALSE,FALSE,2,"","",NA,NA,2026-07-08T14:32:15+0200,jullum-ubuntu,4.6.1,1.0.8.9002,b9c5fcd1,992282,ok,0.8871,25.5948,25.338,0.226,0,0,285545984,128,1,32,32,4,25.4315,0.0436,0.0285,25.353,0.0064,336343040,310353920,27.403,0,FALSE,310353920,296
94,empirical,highdim_cap,1,FALSE,numeric,empirical,30,128,250,10,Inf,1000000,1,multisession,1,10000,25,FALSE,FALSE,2,"","",NA,NA,2026-07-08T13:06:27+0200,jullum-ubuntu,4.6.1,1.0.8.9002,b9c5fcd1,982123,ok,0.8877,25.206,25.036,0.159,0,0,285526696,128,1,32,32,4,25.0481,0.044,0.0284,24.9694,0.0063,337321984,311595008,27.011,0,FALSE,311595008,297.2
95,empirical,highdim_cap,2,FALSE,numeric,empirical,30,128,250,10,Inf,1000000,1,multisession,1,10000,25,FALSE,FALSE,2,"","",NA,NA,2026-07-08T13:01:55+0200,jullum-ubuntu,4.6.1,1.0.8.9002,b9c5fcd1,979899,ok,0.8796,25.0983,24.923,0.168,0,0,285480600,128,1,32,32,4,24.9409,0.0434,0.0283,24.863,0.0062,334594048,309850112,26.91,0,FALSE,309850112,295.5
96,empirical,highdim_cap,3,FALSE,numeric,empirical,30,128,250,10,Inf,1000000,1,multisession,1,10000,25,FALSE,FALSE,2,"","",NA,NA,2026-07-08T09:32:09+0200,jullum-ubuntu,4.6.1,1.0.8.9002,b9c5fcd1,948751,ok,0.884,25.2167,25.039,0.168,0,0,285476328,128,1,32,32,4,25.0597,0.0438,0.0285,24.9763,0.0111,338272256,313462784,27.034,0,FALSE,313462784,298.9
97,empirical,highdim_cap,0,TRUE,numeric,empirical,12,512,250,10,Inf,1000000,1,multisession,1,10000,25,FALSE,FALSE,2,"","",NA,NA,2026-07-16T00:05:02+0200,jullum-ubuntu,4.6.1,1.0.8.9003,10cc557a,2506700,ok,0.9039,73.5933,73.24,0.333,0,0,316292944,512,1,128,128,4,73.4322,0.0455,0.0297,73.3462,0.0108,370274304,343560192,75.437,0,FALSE,343560192,327.6
98,empirical,highdim_cap,1,FALSE,numeric,empirical,12,512,250,10,Inf,1000000,1,multisession,1,10000,25,FALSE,FALSE,2,"","",NA,NA,2026-07-16T00:11:26+0200,jullum-ubuntu,4.6.1,1.0.8.9003,10cc557a,2512654,ok,0.8919,74.8269,73.435,1.371,0,0,316431400,512,1,128,128,4,74.67,0.0427,0.0281,74.5883,0.0109,369262592,342437888,76.665,0,FALSE,342437888,326.6
99,empirical,highdim_cap,2,FALSE,numeric,empirical,12,512,250,10,Inf,1000000,1,multisession,1,10000,25,FALSE,FALSE,2,"","",NA,NA,2026-07-16T00:14:44+0200,jullum-ubuntu,4.6.1,1.0.8.9003,10cc557a,2515677,ok,0.9088,73.8669,73.297,0.552,0,0,265329024,512,1,128,128,4,73.701,0.0433,0.0281,73.6177,0.0118,326205440,299347968,75.704,0,FALSE,299347968,285.5
100,empirical,highdim_cap,3,FALSE,numeric,empirical,12,512,250,10,Inf,1000000,1,multisession,1,10000,25,FALSE,FALSE,2,"","",NA,NA,2026-07-16T00:09:53+0200,jullum-ubuntu,4.6.1,1.0.8.9003,10cc557a,2511429,ok,0.8945,75.2267,73.653,1.554,0,0,317733648,512,1,128,128,4,75.0598,0.0433,0.0282,74.9734,0.0148,364322816,337596416,77.056,0,FALSE,337596416,322
101,empirical,highdim_cap,0,TRUE,numeric,empirical,30,512,250,10,Inf,1000000,1,multisession,1,1000,25,FALSE,FALSE,2,"","",NA,NA,2026-07-08T14:40:49+0200,jullum-ubuntu,4.6.1,1.0.8.9002,b9c5fcd1,997309,ok,0.8853,15.4014,15.257,0.14,0,0,378146416,512,1,13,13,40,15.2344,0.0428,0.0276,15.1526,0.0115,439140352,414683136,17.243,0,FALSE,414683136,395.5
102,empirical,highdim_cap,1,FALSE,numeric,empirical,30,512,250,10,Inf,1000000,1,multisession,1,1000,25,FALSE,FALSE,2,"","",NA,NA,2026-07-08T16:03:14+0200,jullum-ubuntu,4.6.1,1.0.8.9002,b9c5fcd1,1009797,ok,0.8829,15.5647,15.413,0.147,0,0,375895160,512,1,13,13,40,15.3968,0.0431,0.028,15.314,0.0117,460029952,435699712,17.378,0,FALSE,435699712,415.5
103,empirical,highdim_cap,2,FALSE,numeric,empirical,30,512,250,10,Inf,1000000,1,multisession,1,1000,25,FALSE,FALSE,2,"","",NA,NA,2026-07-08T11:48:07+0200,jullum-ubuntu,4.6.1,1.0.8.9002,b9c5fcd1,967985,ok,0.8862,15.4671,15.298,0.163,0,0,375460928,512,1,13,13,40,15.2993,0.0429,0.0275,15.2174,0.0116,453365760,429031424,17.324,0,FALSE,429031424,409.2
104,empirical,highdim_cap,3,FALSE,numeric,empirical,30,512,250,10,Inf,1000000,1,multisession,1,1000,25,FALSE,FALSE,2,"","",NA,NA,2026-07-08T08:11:09+0200,jullum-ubuntu,4.6.1,1.0.8.9002,b9c5fcd1,940140,ok,0.8754,15.2432,15.099,0.139,0,0,377988944,512,1,13,13,40,15.0778,0.0429,0.0275,14.9964,0.011,443707392,419905536,17.064,0,FALSE,419905536,400.5
105,empirical,highdim_cap,0,TRUE,numeric,empirical,30,512,250,10,Inf,1000000,1,multisession,1,10000,25,FALSE,FALSE,2,"","",NA,NA,2026-07-08T08:26:26+0200,jullum-ubuntu,4.6.1,1.0.8.9002,b9c5fcd1,944253,ok,0.8902,96.2638,95.797,0.444,0,0,285702320,512,1,128,128,4,96.0983,0.0443,0.0289,96.0139,0.0112,338321408,312115200,98.093,0,FALSE,312115200,297.7
106,empirical,highdim_cap,1,FALSE,numeric,empirical,30,512,250,10,Inf,1000000,1,multisession,1,10000,25,FALSE,FALSE,2,"","",NA,NA,2026-07-08T14:10:23+0200,jullum-ubuntu,4.6.1,1.0.8.9002,b9c5fcd1,986592,ok,0.8883,96.5393,96.038,0.471,0,0,285557368,512,1,128,128,4,96.3574,0.044,0.0286,96.2736,0.0112,339341312,314064896,98.353,0,FALSE,314064896,299.5
107,empirical,highdim_cap,2,FALSE,numeric,empirical,30,512,250,10,Inf,1000000,1,multisession,1,10000,25,FALSE,FALSE,2,"","",NA,NA,2026-07-08T07:01:16+0200,jullum-ubuntu,4.6.1,1.0.8.9002,b9c5fcd1,929872,ok,0.8871,96.2177,95.73,0.463,0,0,285841088,512,1,128,128,4,96.0531,0.0435,0.0284,95.9698,0.0113,339980288,314728448,98.04,0,FALSE,314728448,300.1
108,empirical,highdim_cap,3,FALSE,numeric,empirical,30,512,250,10,Inf,1000000,1,multisession,1,10000,25,FALSE,FALSE,2,"","",NA,NA,2026-07-08T16:00:07+0200,jullum-ubuntu,4.6.1,1.0.8.9002,b9c5fcd1,1007664,ok,0.8852,97.008,96.547,0.436,0,0,285765568,512,1,128,128,4,96.8433,0.0438,0.0285,96.7597,0.0113,338771968,313946112,98.833,0,FALSE,313946112,299.4
109,empirical,highdim_cap,0,TRUE,numeric,empirical,12,128,250,10,Inf,Inf,1,multisession,1,1000,25,FALSE,FALSE,2,"","",NA,NA,2026-07-08T16:05:21+0200,jullum-ubuntu,4.6.1,1.0.8.9002,b9c5fcd1,1010646,ok,0.8746,5.3511,5.317,0.032,0,0,248308216,128,1,10,10,Inf,5.1877,0.0424,0.0271,5.112,0.0062,285687808,258834432,7.135,0,FALSE,258834432,246.8
110,empirical,highdim_cap,1,FALSE,numeric,empirical,12,128,250,10,Inf,Inf,1,multisession,1,1000,25,FALSE,FALSE,2,"","",NA,NA,2026-07-08T09:30:16+0200,jullum-ubuntu,4.6.1,1.0.8.9002,b9c5fcd1,948622,ok,0.8829,5.3865,5.352,0.032,0,0,248307168,128,1,10,10,Inf,5.2225,0.0424,0.0273,5.1467,0.0061,288223232,259104768,7.186,0,FALSE,259104768,247.1
111,empirical,highdim_cap,2,FALSE,numeric,empirical,12,128,250,10,Inf,Inf,1,multisession,1,1000,25,FALSE,FALSE,2,"","",NA,NA,2026-07-08T16:02:13+0200,jullum-ubuntu,4.6.1,1.0.8.9002,b9c5fcd1,1007873,ok,0.8801,5.3958,5.369,0.024,0,0,248306168,128,1,10,10,Inf,5.2329,0.0423,0.0272,5.1572,0.0061,284712960,257875968,7.188,0,FALSE,257875968,245.9
112,empirical,highdim_cap,3,FALSE,numeric,empirical,12,128,250,10,Inf,Inf,1,multisession,1,1000,25,FALSE,FALSE,2,"","",NA,NA,2026-07-08T14:18:52+0200,jullum-ubuntu,4.6.1,1.0.8.9002,b9c5fcd1,988362,ok,0.8851,5.3667,5.337,0.028,0,0,248305288,128,1,10,10,Inf,5.2022,0.0425,0.0276,5.126,0.006,284418048,257884160,7.179,0,FALSE,257884160,245.9
113,empirical,highdim_cap,0,TRUE,numeric,empirical,12,128,250,10,Inf,Inf,1,multisession,1,10000,25,FALSE,FALSE,2,"","",NA,NA,2026-07-08T11:50:25+0200,jullum-ubuntu,4.6.1,1.0.8.9002,b9c5fcd1,968667,ok,0.8876,13.8731,13.577,0.29,0,0,324752728,128,1,10,10,Inf,13.7096,0.0431,0.0279,13.6325,0.0061,433528832,408600576,15.693,0,FALSE,408600576,389.7
114,empirical,highdim_cap,1,FALSE,numeric,empirical,12,128,250,10,Inf,Inf,1,multisession,1,10000,25,FALSE,FALSE,2,"","",NA,NA,2026-07-08T07:00:53+0200,jullum-ubuntu,4.6.1,1.0.8.9002,b9c5fcd1,928956,ok,0.887,14.0869,13.808,0.271,0,0,324773640,128,1,10,10,Inf,13.9219,0.0428,0.028,13.845,0.0061,434958336,410603520,15.897,0,FALSE,410603520,391.6
115,empirical,highdim_cap,2,FALSE,numeric,empirical,12,128,250,10,Inf,Inf,1,multisession,1,10000,25,FALSE,FALSE,2,"","",NA,NA,2026-07-08T13:07:08+0200,jullum-ubuntu,4.6.1,1.0.8.9002,b9c5fcd1,982240,ok,0.8821,13.621,13.396,0.217,0,0,324745504,128,1,10,10,Inf,13.4579,0.0425,0.0277,13.3816,0.006,414355456,389541888,15.432,0,FALSE,389541888,371.5
116,empirical,highdim_cap,3,FALSE,numeric,empirical,12,128,250,10,Inf,Inf,1,multisession,1,10000,25,FALSE,FALSE,2,"","",NA,NA,2026-07-08T14:51:47+0200,jullum-ubuntu,4.6.1,1.0.8.9002,b9c5fcd1,999605,ok,0.8802,13.8823,13.579,0.298,0,0,324751784,128,1,10,10,Inf,13.7196,0.0424,0.0275,13.6436,0.0061,416362496,389939200,15.683,0,FALSE,389939200,371.9
117,empirical,highdim_cap,0,TRUE,numeric,empirical,30,128,250,10,Inf,Inf,1,multisession,1,1000,25,FALSE,FALSE,2,"","",NA,NA,2026-07-08T11:33:45+0200,jullum-ubuntu,4.6.1,1.0.8.9002,b9c5fcd1,959610,ok,0.8808,6.7679,6.715,0.05,0,0,264346400,128,1,10,10,Inf,6.6129,0.0423,0.0273,6.5371,0.0061,311365632,287256576,8.578,0,FALSE,287256576,273.9
118,empirical,highdim_cap,1,FALSE,numeric,empirical,30,128,250,10,Inf,Inf,1,multisession,1,1000,25,FALSE,FALSE,2,"","",NA,NA,2026-07-08T05:58:28+0200,jullum-ubuntu,4.6.1,1.0.8.9002,b9c5fcd1,923201,ok,0.8811,6.7545,6.709,0.043,0,0,264824952,128,1,10,10,Inf,6.5955,0.0426,0.0274,6.5167,0.0087,309731328,285204480,8.567,0,FALSE,285204480,272
119,empirical,highdim_cap,2,FALSE,numeric,empirical,30,128,250,10,Inf,Inf,1,multisession,1,1000,25,FALSE,FALSE,2,"","",NA,NA,2026-07-08T16:05:28+0200,jullum-ubuntu,4.6.1,1.0.8.9002,b9c5fcd1,1010685,ok,0.8898,6.7376,6.69,0.045,0,0,264492136,128,1,10,10,Inf,6.5792,0.0431,0.0277,6.5022,0.0062,310403072,286040064,8.538,0,FALSE,286040064,272.8
120,empirical,highdim_cap,3,FALSE,numeric,empirical,30,128,250,10,Inf,Inf,1,multisession,1,1000,25,FALSE,FALSE,2,"","",NA,NA,2026-07-08T14:51:37+0200,jullum-ubuntu,4.6.1,1.0.8.9002,b9c5fcd1,999554,ok,0.8841,6.8357,6.781,0.051,0,0,264272304,128,1,10,10,Inf,6.6714,0.043,0.0277,6.5944,0.0062,309649408,285433856,8.645,0,FALSE,285433856,272.2
121,empirical,highdim_cap,0,TRUE,numeric,empirical,30,128,250,10,Inf,Inf,1,multisession,1,10000,25,FALSE,FALSE,2,"","",NA,NA,2026-07-08T11:50:41+0200,jullum-ubuntu,4.6.1,1.0.8.9002,b9c5fcd1,968715,ok,0.8925,18.7647,18.546,0.212,0,0,363089560,128,1,10,10,Inf,18.6008,0.0436,0.0284,18.5226,0.0062,448020480,423690240,20.654,0,FALSE,423690240,404.1
122,empirical,highdim_cap,1,FALSE,numeric,empirical,30,128,250,10,Inf,Inf,1,multisession,1,10000,25,FALSE,FALSE,2,"","",NA,NA,2026-07-08T14:29:08+0200,jullum-ubuntu,4.6.1,1.0.8.9002,b9c5fcd1,990994,ok,0.8936,18.3885,18.188,0.196,0,0,363087240,128,1,10,10,Inf,18.2256,0.0452,0.0289,18.1453,0.0062,433684480,409440256,20.221,0,FALSE,409440256,390.5
123,empirical,highdim_cap,2,FALSE,numeric,empirical,30,128,250,10,Inf,Inf,1,multisession,1,10000,25,FALSE,FALSE,2,"","",NA,NA,2026-07-08T14:25:48+0200,jullum-ubuntu,4.6.1,1.0.8.9002,b9c5fcd1,989643,ok,0.8806,18.3338,18.125,0.203,0,0,363064936,128,1,10,10,Inf,18.17,0.0434,0.0283,18.0922,0.0062,433954816,409227264,20.203,0,FALSE,409227264,390.3
124,empirical,highdim_cap,3,FALSE,numeric,empirical,30,128,250,10,Inf,Inf,1,multisession,1,10000,25,FALSE,FALSE,2,"","",NA,NA,2026-07-08T14:57:13+0200,jullum-ubuntu,4.6.1,1.0.8.9002,b9c5fcd1,1001661,ok,0.8856,18.5637,18.394,0.163,0,0,363038968,128,1,10,10,Inf,18.3992,0.0444,0.0287,18.32,0.0061,441360384,415084544,20.396,0,FALSE,415084544,395.9
125,empirical,highdim_cap,0,TRUE,numeric,empirical,12,512,250,10,Inf,Inf,1,multisession,1,1000,25,FALSE,FALSE,2,"","",NA,NA,2026-07-16T00:11:13+0200,jullum-ubuntu,4.6.1,1.0.8.9003,10cc557a,2512262,ok,0.9238,10.5595,10.479,0.075,0,0,286363520,512,1,10,10,Inf,10.3878,0.0426,0.0274,10.3066,0.0112,341925888,315154432,12.455,0,FALSE,315154432,300.6
126,empirical,highdim_cap,1,FALSE,numeric,empirical,12,512,250,10,Inf,Inf,1,multisession,1,1000,25,FALSE,FALSE,2,"","",NA,NA,2026-07-16T00:08:35+0200,jullum-ubuntu,4.6.1,1.0.8.9003,10cc557a,2509815,ok,0.8978,10.6072,10.53,0.074,0,0,286102024,512,1,10,10,Inf,10.4369,0.0429,0.0277,10.3548,0.0114,343871488,317087744,12.467,0,FALSE,317087744,302.4
127,empirical,highdim_cap,2,FALSE,numeric,empirical,12,512,250,10,Inf,Inf,1,multisession,1,1000,25,FALSE,FALSE,2,"","",NA,NA,2026-07-16T00:04:46+0200,jullum-ubuntu,4.6.1,1.0.8.9003,10cc557a,2506586,ok,0.8855,10.5223,10.445,0.075,0,0,286192536,512,1,10,10,Inf,10.35,0.0426,0.0274,10.2679,0.0121,334843904,307834880,12.339,0,FALSE,307834880,293.6
128,empirical,highdim_cap,3,FALSE,numeric,empirical,12,512,250,10,Inf,Inf,1,multisession,1,1000,25,FALSE,FALSE,2,"","",NA,NA,2026-07-16T00:14:29+0200,jullum-ubuntu,4.6.1,1.0.8.9003,10cc557a,2515559,ok,0.8926,10.5337,10.463,0.067,0,0,286297240,512,1,10,10,Inf,10.3637,0.0434,0.0275,10.2815,0.0113,349966336,323862528,12.381,0,FALSE,323862528,308.9
129,empirical,highdim_cap,0,TRUE,numeric,empirical,12,512,250,10,Inf,Inf,1,multisession,1,10000,25,FALSE,FALSE,2,"","",NA,NA,2026-07-16T00:06:20+0200,jullum-ubuntu,4.6.1,1.0.8.9003,10cc557a,2507830,ok,0.8897,43.847,41.36,2.461,0,0,642321192,512,1,10,10,Inf,43.6764,0.0433,0.028,43.5934,0.0117,757235712,732995584,45.701,0,FALSE,732995584,699
130,empirical,highdim_cap,1,FALSE,numeric,empirical,12,512,250,10,Inf,Inf,1,multisession,1,10000,25,FALSE,FALSE,2,"","",NA,NA,2026-07-16T00:02:52+0200,jullum-ubuntu,4.6.1,1.0.8.9003,10cc557a,2504522,ok,0.8931,42.9414,40.956,1.972,0,0,680674264,512,1,10,10,Inf,42.7573,0.043,0.0278,42.6741,0.0124,850481152,825618432,44.806,0,FALSE,825618432,787.4
131,empirical,highdim_cap,2,FALSE,numeric,empirical,12,512,250,10,Inf,Inf,1,multisession,1,10000,25,FALSE,FALSE,2,"","",NA,NA,2026-07-16T00:02:03+0200,jullum-ubuntu,4.6.1,1.0.8.9003,10cc557a,2503965,ok,0.8887,43.8381,41.01,2.813,0,0,680663896,512,1,10,10,Inf,43.6579,0.0431,0.0277,43.5754,0.0117,850141184,825683968,45.7,0,FALSE,825683968,787.4
132,empirical,highdim_cap,3,FALSE,numeric,empirical,12,512,250,10,Inf,Inf,1,multisession,1,10000,25,FALSE,FALSE,2,"","",NA,NA,2026-07-16T00:07:49+0200,jullum-ubuntu,4.6.1,1.0.8.9003,10cc557a,2509272,ok,0.8872,42.6894,40.751,1.928,0,0,680660520,512,1,10,10,Inf,42.5167,0.0458,0.0298,42.4297,0.0115,851681280,827305984,44.546,0,FALSE,827305984,789
133,empirical,highdim_cap,0,TRUE,numeric,empirical,30,512,250,10,Inf,Inf,1,multisession,1,1000,25,FALSE,FALSE,2,"","",NA,NA,2026-07-08T14:26:33+0200,jullum-ubuntu,4.6.1,1.0.8.9002,b9c5fcd1,989875,ok,0.8795,14.6512,14.453,0.192,0,0,410972024,512,1,10,10,Inf,14.4832,0.0427,0.0278,14.4009,0.0118,488939520,464203776,16.48,0,FALSE,464203776,442.7
134,empirical,highdim_cap,1,FALSE,numeric,empirical,30,512,250,10,Inf,Inf,1,multisession,1,1000,25,FALSE,FALSE,2,"","",NA,NA,2026-07-08T16:03:40+0200,jullum-ubuntu,4.6.1,1.0.8.9002,b9c5fcd1,1009938,ok,0.8786,14.7356,14.532,0.198,0,0,460436648,512,1,10,10,Inf,14.5579,0.0427,0.0275,14.4766,0.0111,535707648,512462848,16.596,0,FALSE,512462848,488.7
135,empirical,highdim_cap,2,FALSE,numeric,empirical,30,512,250,10,Inf,Inf,1,multisession,1,1000,25,FALSE,FALSE,2,"","",NA,NA,2026-07-08T14:31:51+0200,jullum-ubuntu,4.6.1,1.0.8.9002,b9c5fcd1,991360,ok,0.8853,14.7423,14.566,0.17,0,0,460642872,512,1,10,10,Inf,14.5747,0.0428,0.0278,14.4927,0.0113,538578944,514441216,16.607,0,FALSE,514441216,490.6
136,empirical,highdim_cap,3,FALSE,numeric,empirical,30,512,250,10,Inf,Inf,1,multisession,1,1000,25,FALSE,FALSE,2,"","",NA,NA,2026-07-08T08:19:55+0200,jullum-ubuntu,4.6.1,1.0.8.9002,b9c5fcd1,943205,ok,0.8812,14.6953,14.501,0.188,0,0,412748944,512,1,10,10,Inf,14.5273,0.0434,0.0277,14.4451,0.0112,500404224,476336128,16.553,0,FALSE,476336128,454.3
137,empirical,highdim_cap,0,TRUE,numeric,empirical,30,512,250,10,Inf,Inf,1,multisession,1,10000,25,FALSE,FALSE,2,"","",NA,NA,2026-07-08T14:56:12+0200,jullum-ubuntu,4.6.1,1.0.8.9002,b9c5fcd1,1001620,ok,0.8818,59.1084,56.319,2.771,0,0,687142048,512,1,10,10,Inf,58.9389,0.0438,0.0284,58.8555,0.0112,858120192,834031616,60.962,0,FALSE,834031616,795.4
138,empirical,highdim_cap,1,FALSE,numeric,empirical,30,512,250,10,Inf,Inf,1,multisession,1,10000,25,FALSE,FALSE,2,"","",NA,NA,2026-07-08T14:27:26+0200,jullum-ubuntu,4.6.1,1.0.8.9002,b9c5fcd1,990612,ok,0.8878,59.5728,56.629,2.925,0,0,687153368,512,1,10,10,Inf,59.4021,0.0437,0.0287,59.3091,0.0206,873820160,849969152,61.458,0,FALSE,849969152,810.6
139,empirical,highdim_cap,2,FALSE,numeric,empirical,30,512,250,10,Inf,Inf,1,multisession,1,10000,25,FALSE,FALSE,2,"","",NA,NA,2026-07-08T16:04:12+0200,jullum-ubuntu,4.6.1,1.0.8.9002,b9c5fcd1,1010061,ok,0.8806,58.8986,55.971,2.907,0,0,687137176,512,1,10,10,Inf,58.7439,0.0432,0.0283,58.6561,0.0163,860581888,837152768,60.741,0,FALSE,837152768,798.4
140,empirical,highdim_cap,3,FALSE,numeric,empirical,30,512,250,10,Inf,Inf,1,multisession,1,10000,25,FALSE,FALSE,2,"","",NA,NA,2026-07-08T09:30:24+0200,jullum-ubuntu,4.6.1,1.0.8.9002,b9c5fcd1,948661,ok,0.8833,59.211,56.276,2.92,0,0,687146688,512,1,10,10,Inf,59.048,0.0434,0.0282,58.9656,0.0109,908894208,885698560,61.057,0,FALSE,885698560,844.7
141,empirical,explain,0,TRUE,numeric,empirical,12,128,250,10,Inf,1000000,1,multisession,1,1000,1,FALSE,FALSE,2,"","",NA,NA,2026-07-08T11:58:55+0200,jullum-ubuntu,4.6.1,1.0.8.9002,b9c5fcd1,971203,ok,0.8906,2.7525,2.731,0.02,0,0,217267648,128,1,10,10,1000,2.5943,0.0426,0.0273,2.5186,0.0058,269123584,242647040,4.565,0,FALSE,242647040,231.4
142,empirical,explain,1,FALSE,numeric,empirical,12,128,250,10,Inf,1000000,1,multisession,1,1000,1,FALSE,FALSE,2,"","",NA,NA,2026-07-08T05:57:58+0200,jullum-ubuntu,4.6.1,1.0.8.9002,b9c5fcd1,922941,ok,0.8887,2.7697,2.747,0.02,0,0,217213112,128,1,10,10,1000,2.611,0.0425,0.0273,2.5354,0.0058,269361152,243068928,4.582,0,FALSE,243068928,231.8
143,empirical,explain,2,FALSE,numeric,empirical,12,128,250,10,Inf,1000000,1,multisession,1,1000,1,FALSE,FALSE,2,"","",NA,NA,2026-07-08T11:43:01+0200,jullum-ubuntu,4.6.1,1.0.8.9002,b9c5fcd1,967409,ok,0.8774,2.7411,2.719,0.02,0,0,217532168,128,1,10,10,1000,2.5831,0.0425,0.0272,2.5077,0.0057,269316096,242688000,4.537,0,FALSE,242688000,231.4
144,empirical,explain,3,FALSE,numeric,empirical,12,128,250,10,Inf,1000000,1,multisession,1,1000,1,FALSE,FALSE,2,"","",NA,NA,2026-07-08T07:00:36+0200,jullum-ubuntu,4.6.1,1.0.8.9002,b9c5fcd1,928827,ok,0.8849,2.7714,2.749,0.02,0,0,217384280,128,1,10,10,1000,2.6082,0.0425,0.0274,2.5326,0.0057,269840384,243146752,4.569,0,FALSE,243146752,231.9
145,empirical,explain,0,TRUE,numeric,empirical,12,128,250,10,Inf,1000000,1,multisession,1,1000,10,FALSE,FALSE,2,"","",NA,NA,2026-07-08T13:06:55+0200,jullum-ubuntu,4.6.1,1.0.8.9002,b9c5fcd1,982162,ok,0.8921,3.7263,3.691,0.033,0,0,234227072,128,1,10,10,100,3.5679,0.0425,0.0273,3.492,0.0061,279429120,252645376,5.536,0,FALSE,252645376,240.9
146,empirical,explain,1,FALSE,numeric,empirical,12,128,250,10,Inf,1000000,1,multisession,1,1000,10,FALSE,FALSE,2,"","",NA,NA,2026-07-08T14:36:13+0200,jullum-ubuntu,4.6.1,1.0.8.9002,b9c5fcd1,994666,ok,0.8781,3.7182,3.686,0.03,0,0,234244928,128,1,10,10,100,3.5558,0.0425,0.0276,3.4801,0.0057,279248896,252661760,5.513,0,FALSE,252661760,241
147,empirical,explain,2,FALSE,numeric,empirical,12,128,250,10,Inf,1000000,1,multisession,1,1000,10,FALSE,FALSE,2,"","",NA,NA,2026-07-08T15:59:52+0200,jullum-ubuntu,4.6.1,1.0.8.9002,b9c5fcd1,1007569,ok,0.8752,3.7273,3.69,0.034,0,0,234240304,128,1,10,10,100,3.5653,0.0423,0.0273,3.4899,0.0058,278978560,251981824,5.522,0,FALSE,251981824,240.3
148,empirical,explain,3,FALSE,numeric,empirical,12,128,250,10,Inf,1000000,1,multisession,1,1000,10,FALSE,FALSE,2,"","",NA,NA,2026-07-08T11:36:30+0200,jullum-ubuntu,4.6.1,1.0.8.9002,b9c5fcd1,964708,ok,0.8855,3.7274,3.703,0.023,0,0,234243896,128,1,10,10,100,3.5639,0.0424,0.0273,3.4885,0.0058,279494656,252866560,5.522,0,FALSE,252866560,241.2
149,empirical,explain,0,TRUE,numeric,empirical,12,128,250,10,Inf,1000000,1,multisession,1,1000,50,FALSE,FALSE,2,"","",NA,NA,2026-07-08T11:36:43+0200,jullum-ubuntu,4.6.1,1.0.8.9002,b9c5fcd1,965224,ok,0.8836,8.367,8.268,0.095,0,0,265180768,128,1,10,10,20,8.2029,0.0429,0.0275,8.126,0.0065,307220480,281018368,10.155,0,FALSE,281018368,268
150,empirical,explain,1,FALSE,numeric,empirical,12,128,250,10,Inf,1000000,1,multisession,1,1000,50,FALSE,FALSE,2,"","",NA,NA,2026-07-08T14:39:06+0200,jullum-ubuntu,4.6.1,1.0.8.9002,b9c5fcd1,997066,ok,0.8793,8.2825,8.21,0.07,0,0,248460464,128,1,10,10,20,8.1198,0.0424,0.0273,8.0437,0.0064,298852352,274419712,10.082,0,FALSE,274419712,261.7
151,empirical,explain,2,FALSE,numeric,empirical,12,128,250,10,Inf,1000000,1,multisession,1,1000,50,FALSE,FALSE,2,"","",NA,NA,2026-07-08T14:33:05+0200,jullum-ubuntu,4.6.1,1.0.8.9002,b9c5fcd1,992616,ok,0.8895,8.3025,8.215,0.084,0,0,265180176,128,1,10,10,20,8.1396,0.0423,0.0286,8.0623,0.0063,306995200,280387584,10.129,0,FALSE,280387584,267.4
152,empirical,explain,3,FALSE,numeric,empirical,12,128,250,10,Inf,1000000,1,multisession,1,1000,50,FALSE,FALSE,2,"","",NA,NA,2026-07-08T08:06:51+0200,jullum-ubuntu,4.6.1,1.0.8.9002,b9c5fcd1,937001,ok,0.8803,8.3315,8.262,0.065,0,0,265032392,128,1,10,10,20,8.1717,0.0429,0.0277,8.0947,0.0065,298287104,273928192,10.114,0,FALSE,273928192,261.2
153,empirical,explain,0,TRUE,numeric,empirical,12,128,250,10,Inf,1000000,1,multisession,1,1000,100,FALSE,FALSE,2,"","",NA,NA,2026-07-08T08:05:56+0200,jullum-ubuntu,4.6.1,1.0.8.9002,b9c5fcd1,936191,ok,0.8868,16.3765,16.218,0.152,0,0,285435848,128,1,13,13,10,16.21,0.0428,0.0275,16.1325,0.0072,366379008,341958656,18.181,0,FALSE,341958656,326.1
154,empirical,explain,1,FALSE,numeric,empirical,12,128,250,10,Inf,1000000,1,multisession,1,1000,100,FALSE,FALSE,2,"","",NA,NA,2026-07-08T08:25:28+0200,jullum-ubuntu,4.6.1,1.0.8.9002,b9c5fcd1,944170,ok,0.8858,16.4196,16.236,0.178,0,0,285431064,128,1,13,13,10,16.2449,0.0429,0.0273,16.1677,0.0069,370331648,346628096,18.239,0,FALSE,346628096,330.6
155,empirical,explain,2,FALSE,numeric,empirical,12,128,250,10,Inf,1000000,1,multisession,1,1000,100,FALSE,FALSE,2,"","",NA,NA,2026-07-08T13:01:36+0200,jullum-ubuntu,4.6.1,1.0.8.9002,b9c5fcd1,979860,ok,0.8802,16.2837,16.1,0.178,0,0,285434568,128,1,13,13,10,16.1175,0.0424,0.0272,16.0409,0.0071,364199936,339517440,18.095,0,FALSE,339517440,323.8
156,empirical,explain,3,FALSE,numeric,empirical,12,128,250,10,Inf,1000000,1,multisession,1,1000,100,FALSE,FALSE,2,"","",NA,NA,2026-07-08T11:52:46+0200,jullum-ubuntu,4.6.1,1.0.8.9002,b9c5fcd1,970471,ok,0.8815,16.5091,16.364,0.14,0,0,285430232,128,1,13,13,10,16.3434,0.0426,0.0274,16.2664,0.007,354549760,329195520,18.32,0,FALSE,329195520,313.9
157,empirical,dt_threads,0,TRUE,numeric,empirical,12,128,250,10,Inf,1000000,1,multisession,2,1000,25,FALSE,FALSE,2,"","",NA,NA,2026-07-08T08:07:32+0200,jullum-ubuntu,4.6.1,1.0.8.9002,b9c5fcd1,937409,ok,0.8934,5.4315,5.398,0.031,0,0,248304176,128,1,10,10,40,5.2663,0.0431,0.0276,5.1894,0.0062,285966336,259080192,7.24,0,FALSE,259080192,247.1
158,empirical,dt_threads,1,FALSE,numeric,empirical,12,128,250,10,Inf,1000000,1,multisession,2,1000,25,FALSE,FALSE,2,"","",NA,NA,2026-07-08T11:47:59+0200,jullum-ubuntu,4.6.1,1.0.8.9002,b9c5fcd1,967842,ok,0.8762,5.3917,5.358,0.031,0,0,248308240,128,1,10,10,40,5.2286,0.0425,0.0272,5.1528,0.0061,285560832,258625536,7.184,0,FALSE,258625536,246.6
159,empirical,dt_threads,2,FALSE,numeric,empirical,12,128,250,10,Inf,1000000,1,multisession,2,1000,25,FALSE,FALSE,2,"","",NA,NA,2026-07-08T05:57:50+0200,jullum-ubuntu,4.6.1,1.0.8.9002,b9c5fcd1,922902,ok,0.8834,5.435,5.397,0.034,0,0,248306720,128,1,10,10,40,5.2723,0.0427,0.0273,5.1962,0.0061,285368320,258830336,7.248,0,FALSE,258830336,246.8
160,empirical,dt_threads,3,FALSE,numeric,empirical,12,128,250,10,Inf,1000000,1,multisession,2,1000,25,FALSE,FALSE,2,"","",NA,NA,2026-07-08T11:34:55+0200,jullum-ubuntu,4.6.1,1.0.8.9002,b9c5fcd1,963288,ok,0.8769,5.3701,5.336,0.032,0,0,248308288,128,1,10,10,40,5.2082,0.0422,0.0271,5.1328,0.0061,284291072,258281472,7.158,0,FALSE,258281472,246.3
161,empirical,dt_threads,0,TRUE,numeric,empirical,12,128,250,10,Inf,1000000,1,multisession,4,1000,25,FALSE,FALSE,2,"","",NA,NA,2026-07-08T14:32:43+0200,jullum-ubuntu,4.6.1,1.0.8.9002,b9c5fcd1,992380,ok,0.878,5.3752,5.345,0.027,0,0,248301080,128,1,10,10,40,5.2136,0.0424,0.0271,5.1381,0.006,285274112,258170880,7.159,0,FALSE,258170880,246.2
162,empirical,dt_threads,1,FALSE,numeric,empirical,12,128,250,10,Inf,1000000,1,multisession,4,1000,25,FALSE,FALSE,2,"","",NA,NA,2026-07-08T13:04:20+0200,jullum-ubuntu,4.6.1,1.0.8.9002,b9c5fcd1,980609,ok,0.8862,5.4145,5.385,0.027,0,0,248307464,128,1,10,10,40,5.2506,0.0426,0.0275,5.1744,0.0061,285388800,258711552,7.224,0,FALSE,258711552,246.7
163,empirical,dt_threads,2,FALSE,numeric,empirical,12,128,250,10,Inf,1000000,1,multisession,4,1000,25,FALSE,FALSE,2,"","",NA,NA,2026-07-08T11:52:38+0200,jullum-ubuntu,4.6.1,1.0.8.9002,b9c5fcd1,970373,ok,0.8953,5.3909,5.36,0.029,0,0,248306544,128,1,10,10,40,5.2273,0.0426,0.0274,5.1512,0.0061,285495296,258588672,7.212,0,FALSE,258588672,246.6
164,empirical,dt_threads,3,FALSE,numeric,empirical,12,128,250,10,Inf,1000000,1,multisession,4,1000,25,FALSE,FALSE,2,"","",NA,NA,2026-07-08T11:34:30+0200,jullum-ubuntu,4.6.1,1.0.8.9002,b9c5fcd1,962973,ok,0.8785,5.3852,5.355,0.026,0,0,248308264,128,1,10,10,40,5.2227,0.0423,0.0275,5.1468,0.0061,284327936,258211840,7.162,0,FALSE,258211840,246.2
165,empirical,dt_threads,0,TRUE,numeric,empirical,12,128,250,10,Inf,1000000,1,multisession,8,1000,25,FALSE,FALSE,2,"","",NA,NA,2026-07-08T13:05:11+0200,jullum-ubuntu,4.6.1,1.0.8.9002,b9c5fcd1,980753,ok,0.8868,5.4158,5.385,0.028,0,0,248308048,128,1,10,10,40,5.2483,0.0433,0.0274,5.1714,0.0061,285118464,258101248,7.237,0,FALSE,258101248,246.1
166,empirical,dt_threads,1,FALSE,numeric,empirical,12,128,250,10,Inf,1000000,1,multisession,8,1000,25,FALSE,FALSE,2,"","",NA,NA,2026-07-08T13:07:24+0200,jullum-ubuntu,4.6.1,1.0.8.9002,b9c5fcd1,982285,ok,0.8863,5.3754,5.342,0.031,0,0,248306856,128,1,10,10,40,5.2106,0.0427,0.0275,5.1344,0.006,284762112,258347008,7.177,0,FALSE,258347008,246.4
167,empirical,dt_threads,2,FALSE,numeric,empirical,12,128,250,10,Inf,1000000,1,multisession,8,1000,25,FALSE,FALSE,2,"","",NA,NA,2026-07-08T14:29:00+0200,jullum-ubuntu,4.6.1,1.0.8.9002,b9c5fcd1,990955,ok,0.8845,5.4164,5.378,0.035,0,0,248308240,128,1,10,10,40,5.2524,0.0427,0.0275,5.176,0.0061,284688384,258338816,7.197,0,FALSE,258338816,246.4
168,empirical,dt_threads,3,FALSE,numeric,empirical,12,128,250,10,Inf,1000000,1,multisession,8,1000,25,FALSE,FALSE,2,"","",NA,NA,2026-07-08T16:04:04+0200,jullum-ubuntu,4.6.1,1.0.8.9002,b9c5fcd1,1010022,ok,0.8778,5.3542,5.317,0.035,0,0,248304912,128,1,10,10,40,5.1902,0.0422,0.0274,5.1145,0.0061,284831744,258600960,7.134,0,FALSE,258600960,246.6
169,empirical,parallel,0,TRUE,numeric,empirical,12,128,250,8,Inf,1000000,1,multisession,1,1000,25,FALSE,FALSE,2,"","",NA,NA,2026-07-08T09:32:48+0200,jullum-ubuntu,4.6.1,1.0.8.9002,b9c5fcd1,949332,ok,0.8783,4.8491,4.793,0.053,0,0,248308288,128,1,8,8,40,4.6924,0.0422,0.0272,4.6164,0.0065,285687808,260796416,6.636,0,FALSE,260796416,248.7
170,empirical,parallel,1,FALSE,numeric,empirical,12,128,250,8,Inf,1000000,1,multisession,1,1000,25,FALSE,FALSE,2,"","",NA,NA,2026-07-08T11:35:09+0200,jullum-ubuntu,4.6.1,1.0.8.9002,b9c5fcd1,963375,ok,0.8847,4.8397,4.81,0.028,0,0,248308232,128,1,8,8,40,4.6734,0.0425,0.0274,4.5973,0.0061,287817728,261582848,6.648,0,FALSE,261582848,249.5
171,empirical,parallel,2,FALSE,numeric,empirical,12,128,250,8,Inf,1000000,1,multisession,1,1000,25,FALSE,FALSE,2,"","",NA,NA,2026-07-08T14:31:44+0200,jullum-ubuntu,4.6.1,1.0.8.9002,b9c5fcd1,991319,ok,0.8852,4.8361,4.787,0.047,0,0,248308088,128,1,8,8,40,4.6717,0.0425,0.0276,4.5955,0.0061,286228480,261046272,6.642,0,FALSE,261046272,249
172,empirical,parallel,3,FALSE,numeric,empirical,12,128,250,8,Inf,1000000,1,multisession,1,1000,25,FALSE,FALSE,2,"","",NA,NA,2026-07-08T14:41:48+0200,jullum-ubuntu,4.6.1,1.0.8.9002,b9c5fcd1,997393,ok,0.8855,4.8126,4.762,0.048,0,0,248307840,128,1,8,8,40,4.6478,0.0442,0.028,4.5695,0.0061,288026624,261390336,6.594,0,FALSE,261390336,249.3
173,empirical,parallel,0,TRUE,numeric,empirical,12,128,250,8,Inf,1000000,2,multisession,1,1000,25,FALSE,FALSE,2,"","",NA,NA,2026-07-08T11:50:18+0200,jullum-ubuntu,4.6.1,1.0.8.9002,b9c5fcd1,968480,ok,0.7737,4.3064,1.674,0.018,0,0,184909264,128,1,8,8,40,4.1431,0.0428,0.0275,4.0666,0.0062,795000832,715055104,6.691,0,FALSE,715055104,681.9
174,empirical,parallel,1,FALSE,numeric,empirical,12,128,250,8,Inf,1000000,2,multisession,1,1000,25,FALSE,FALSE,2,"","",NA,NA,2026-07-08T05:59:35+0200,jullum-ubuntu,4.6.1,1.0.8.9002,b9c5fcd1,923392,ok,0.7936,4.2624,1.647,0.011,0,0,184329264,128,1,8,8,40,4.096,0.0425,0.0271,4.0203,0.006,786653184,706420736,6.688,0,FALSE,706420736,673.7
175,empirical,parallel,2,FALSE,numeric,empirical,12,128,250,8,Inf,1000000,2,multisession,1,1000,25,FALSE,FALSE,2,"","",NA,NA,2026-07-08T08:29:54+0200,jullum-ubuntu,4.6.1,1.0.8.9002,b9c5fcd1,944657,ok,0.7848,4.2253,1.604,0.022,0,0,183639592,128,1,8,8,40,4.0586,0.0428,0.0272,3.9825,0.0061,792768512,712818688,6.641,0,FALSE,712818688,679.8
176,empirical,parallel,3,FALSE,numeric,empirical,12,128,250,8,Inf,1000000,2,multisession,1,1000,25,FALSE,FALSE,2,"","",NA,NA,2026-07-08T08:06:37+0200,jullum-ubuntu,4.6.1,1.0.8.9002,b9c5fcd1,936785,ok,0.7846,4.2433,1.598,0.013,0,0,184080064,128,1,8,8,40,4.0835,0.0427,0.0272,4.0076,0.006,784060416,706002944,6.652,0,FALSE,706002944,673.3
177,empirical,parallel,0,TRUE,numeric,empirical,12,128,250,8,Inf,1000000,4,multisession,1,1000,25,FALSE,FALSE,2,"","",NA,NA,2026-07-08T11:51:18+0200,jullum-ubuntu,4.6.1,1.0.8.9002,b9c5fcd1,969686,ok,0.7749,3.571,1.632,0.023,0,0,184163648,128,1,8,8,40,3.4073,0.0431,0.0272,3.3308,0.0062,1344499712,1209643008,5.975,0,FALSE,1209643008,1153.6
178,empirical,parallel,1,FALSE,numeric,empirical,12,128,250,8,Inf,1000000,4,multisession,1,1000,25,FALSE,FALSE,2,"","",NA,NA,2026-07-08T13:05:43+0200,jullum-ubuntu,4.6.1,1.0.8.9002,b9c5fcd1,981711,ok,0.7736,3.5616,1.66,0.016,0,0,184257496,128,1,8,8,40,3.3993,0.043,0.0276,3.3226,0.006,1342697472,1210408960,6.045,0,FALSE,1210408960,1154.3
179,empirical,parallel,2,FALSE,numeric,empirical,12,128,250,8,Inf,1000000,4,multisession,1,1000,25,FALSE,FALSE,2,"","",NA,NA,2026-07-08T11:35:24+0200,jullum-ubuntu,4.6.1,1.0.8.9002,b9c5fcd1,963454,ok,0.7765,3.6345,1.705,0.021,0,0,184840392,128,1,8,8,40,3.4706,0.043,0.0275,3.3939,0.0062,1349595136,1217892352,6.1,0,FALSE,1217892352,1161.5
180,empirical,parallel,3,FALSE,numeric,empirical,12,128,250,8,Inf,1000000,4,multisession,1,1000,25,FALSE,FALSE,2,"","",NA,NA,2026-07-08T14:19:11+0200,jullum-ubuntu,4.6.1,1.0.8.9002,b9c5fcd1,988441,ok,0.7849,3.551,1.643,0.017,0,0,184169704,128,1,8,8,40,3.3907,0.0421,0.0269,3.3157,0.0061,1354985472,1222766592,5.997,0,FALSE,1222766592,1166.1
181,empirical,parallel,0,TRUE,numeric,empirical,12,128,250,8,Inf,1000000,8,multisession,1,1000,25,FALSE,FALSE,2,"","",NA,NA,2026-07-08T14:50:40+0200,jullum-ubuntu,4.6.1,1.0.8.9002,b9c5fcd1,998993,ok,0.7845,3.3059,1.685,0.022,0,0,184159688,128,1,8,8,40,3.1421,0.0431,0.0274,3.0656,0.0061,2395504640,2166177792,5.884,0,FALSE,2166177792,2065.8
182,empirical,parallel,1,FALSE,numeric,empirical,12,128,250,8,Inf,1000000,8,multisession,1,1000,25,FALSE,FALSE,2,"","",NA,NA,2026-07-08T08:08:31+0200,jullum-ubuntu,4.6.1,1.0.8.9002,b9c5fcd1,939413,ok,0.7924,3.3569,1.742,0.013,0,0,185015680,128,1,8,8,40,3.1926,0.0434,0.0276,3.1153,0.0062,2391916544,2166808576,5.953,0,FALSE,2166808576,2066.4
183,empirical,parallel,2,FALSE,numeric,empirical,12,128,250,8,Inf,1000000,8,multisession,1,1000,25,FALSE,FALSE,2,"","",NA,NA,2026-07-08T14:27:20+0200,jullum-ubuntu,4.6.1,1.0.8.9002,b9c5fcd1,990135,ok,0.7858,3.3412,1.728,0.03,0,0,185572128,128,1,8,8,40,3.1726,0.043,0.0272,3.0962,0.0062,2391777280,2167627776,5.957,0,FALSE,2167627776,2067.2
184,empirical,parallel,3,FALSE,numeric,empirical,12,128,250,8,Inf,1000000,8,multisession,1,1000,25,FALSE,FALSE,2,"","",NA,NA,2026-07-08T08:06:25+0200,jullum-ubuntu,4.6.1,1.0.8.9002,b9c5fcd1,936269,ok,0.7761,3.3505,1.699,0.026,0,0,184184480,128,1,8,8,40,3.187,0.0432,0.0275,3.1102,0.0061,2391629824,2166120448,5.964,0,FALSE,2166120448,2065.8
185,empirical,parallel,0,TRUE,numeric,empirical,12,128,250,8,Inf,1000000,16,multisession,1,1000,25,FALSE,FALSE,2,"","",NA,NA,2026-07-08T07:01:10+0200,jullum-ubuntu,4.6.1,1.0.8.9002,b9c5fcd1,928995,ok,0.7683,3.3519,1.68,0.018,0,0,184385232,128,1,8,8,40,3.1886,0.0431,0.0279,3.1115,0.0062,3037208576,2659131392,6.123,0,FALSE,2659131392,2535.9
186,empirical,parallel,1,FALSE,numeric,empirical,12,128,250,8,Inf,1000000,16,multisession,1,1000,25,FALSE,FALSE,2,"","",NA,NA,2026-07-08T07:00:30+0200,jullum-ubuntu,4.6.1,1.0.8.9002,b9c5fcd1,927947,ok,0.7773,3.3749,1.71,0.022,0,0,184466240,128,1,8,8,40,3.2121,0.0433,0.0276,3.135,0.0062,3039350784,2659049472,6.131,0,FALSE,2659049472,2535.9
187,empirical,parallel,2,FALSE,numeric,empirical,12,128,250,8,Inf,1000000,16,multisession,1,1000,25,FALSE,FALSE,2,"","",NA,NA,2026-07-08T05:57:14+0200,jullum-ubuntu,4.6.1,1.0.8.9002,b9c5fcd1,921883,ok,0.7697,3.3511,1.714,0.026,0,0,184612064,128,1,8,8,40,3.1828,0.043,0.0275,3.1061,0.0062,3034750976,2658037760,6.041,0,FALSE,2658037760,2534.9
188,empirical,parallel,3,FALSE,numeric,empirical,12,128,250,8,Inf,1000000,16,multisession,1,1000,25,FALSE,FALSE,2,"","",NA,NA,2026-07-08T14:32:08+0200,jullum-ubuntu,4.6.1,1.0.8.9002,b9c5fcd1,991405,ok,0.7686,3.333,1.664,0.019,0,0,184428880,128,1,8,8,40,3.1703,0.0431,0.0275,3.0935,0.0062,3034714112,2659663872,6.037,0,FALSE,2659663872,2536.5
189,empirical,parallel,0,TRUE,numeric,empirical,12,128,250,8,Inf,1000000,32,multisession,1,1000,25,FALSE,FALSE,2,"","",NA,NA,2026-07-08T16:03:07+0200,jullum-ubuntu,4.6.1,1.0.8.9002,b9c5fcd1,1008116,ok,0.7539,3.3215,1.715,0.028,0,0,185591840,128,1,8,8,40,3.1547,0.0428,0.0273,3.0785,0.0061,4326166528,3642531840,6.5,0,FALSE,3642531840,3473.8
190,empirical,parallel,1,FALSE,numeric,empirical,12,128,250,8,Inf,1000000,32,multisession,1,1000,25,FALSE,FALSE,2,"","",NA,NA,2026-07-08T11:59:57+0200,jullum-ubuntu,4.6.1,1.0.8.9002,b9c5fcd1,972259,ok,0.7848,3.3311,1.694,0.023,0,0,185421736,128,1,8,8,40,3.1682,0.0429,0.0273,3.0919,0.0061,4328230912,3641700352,6.525,0,FALSE,3641700352,3473
191,empirical,parallel,2,FALSE,numeric,empirical,12,128,250,8,Inf,1000000,32,multisession,1,1000,25,FALSE,FALSE,2,"","",NA,NA,2026-07-08T14:37:11+0200,jullum-ubuntu,4.6.1,1.0.8.9002,b9c5fcd1,995052,ok,0.7738,3.3695,1.733,0.021,0,0,186119816,128,1,8,8,40,3.2059,0.0428,0.0273,3.125,0.0108,4329172992,3644121088,6.572,0,FALSE,3644121088,3475.3
192,empirical,parallel,3,FALSE,numeric,empirical,12,128,250,8,Inf,1000000,32,multisession,1,1000,25,FALSE,FALSE,2,"","",NA,NA,2026-07-08T15:59:23+0200,jullum-ubuntu,4.6.1,1.0.8.9002,b9c5fcd1,1005708,ok,0.7962,3.4053,1.754,0.024,0,0,186240896,128,1,8,8,40,3.2404,0.0432,0.0275,3.1624,0.0073,4328501248,3641999360,6.599,0,FALSE,3641999360,3473.3
193,empirical,parallel,0,TRUE,numeric,empirical,12,128,250,32,Inf,1000000,1,multisession,1,1000,25,FALSE,FALSE,2,"","",NA,NA,2026-07-08T14:41:55+0200,jullum-ubuntu,4.6.1,1.0.8.9002,b9c5fcd1,997432,ok,0.8886,11.6461,11.61,0.031,0,0,234245760,128,1,32,32,40,11.4827,0.0421,0.0272,11.4073,0.0062,281587712,255127552,13.445,0,FALSE,255127552,243.3
194,empirical,parallel,1,FALSE,numeric,empirical,12,128,250,32,Inf,1000000,1,multisession,1,1000,25,FALSE,FALSE,2,"","",NA,NA,2026-07-08T13:05:19+0200,jullum-ubuntu,4.6.1,1.0.8.9002,b9c5fcd1,980795,ok,0.8799,11.6667,11.636,0.025,0,0,234246480,128,1,32,32,40,11.5086,0.0424,0.0273,11.4279,0.0111,281346048,254488576,13.465,0,FALSE,254488576,242.7
195,empirical,parallel,2,FALSE,numeric,empirical,12,128,250,32,Inf,1000000,1,multisession,1,1000,25,FALSE,FALSE,2,"","",NA,NA,2026-07-08T05:59:21+0200,jullum-ubuntu,4.6.1,1.0.8.9002,b9c5fcd1,923351,ok,0.8794,11.5607,11.526,0.031,0,0,234245008,128,1,32,32,40,11.397,0.0436,0.0273,11.32,0.0061,281726976,255475712,13.367,0,FALSE,255475712,243.6
196,empirical,parallel,3,FALSE,numeric,empirical,12,128,250,32,Inf,1000000,1,multisession,1,1000,25,FALSE,FALSE,2,"","",NA,NA,2026-07-08T08:30:01+0200,jullum-ubuntu,4.6.1,1.0.8.9002,b9c5fcd1,944853,ok,0.8786,11.6374,11.59,0.043,0,0,234246520,128,1,32,32,40,11.476,0.0424,0.0272,11.4004,0.006,282259456,255221760,13.43,0,FALSE,255221760,243.4
197,empirical,parallel,0,TRUE,numeric,empirical,12,128,250,32,Inf,1000000,2,multisession,1,1000,25,FALSE,FALSE,2,"","",NA,NA,2026-07-08T14:36:47+0200,jullum-ubuntu,4.6.1,1.0.8.9002,b9c5fcd1,994797,ok,0.7798,7.5386,1.801,0.019,0,0,184851016,128,1,32,32,40,7.3691,0.0428,0.0273,7.2927,0.0063,786108416,705097728,10.016,0,FALSE,705097728,672.4
198,empirical,parallel,1,FALSE,numeric,empirical,12,128,250,32,Inf,1000000,2,multisession,1,1000,25,FALSE,FALSE,2,"","",NA,NA,2026-07-08T11:34:44+0200,jullum-ubuntu,4.6.1,1.0.8.9002,b9c5fcd1,963053,ok,0.7887,7.5534,1.802,0.023,0,0,184793136,128,1,32,32,40,7.3857,0.0437,0.028,7.308,0.0061,786210816,704372736,9.986,0,FALSE,704372736,671.7
199,empirical,parallel,2,FALSE,numeric,empirical,12,128,250,32,Inf,1000000,2,multisession,1,1000,25,FALSE,FALSE,2,"","",NA,NA,2026-07-08T14:13:06+0200,jullum-ubuntu,4.6.1,1.0.8.9002,b9c5fcd1,987782,ok,0.7942,7.5663,1.834,0.022,0,0,185697112,128,1,32,32,40,7.4026,0.043,0.0275,7.326,0.0061,789118976,708239360,9.995,0,FALSE,708239360,675.4
200,empirical,parallel,3,FALSE,numeric,empirical,12,128,250,32,Inf,1000000,2,multisession,1,1000,25,FALSE,FALSE,2,"","",NA,NA,2026-07-08T11:49:45+0200,jullum-ubuntu,4.6.1,1.0.8.9002,b9c5fcd1,968202,ok,0.7779,7.5572,1.784,0.031,0,0,184636544,128,1,32,32,40,7.394,0.0426,0.0271,7.3182,0.0061,784261120,701980672,10.015,0,FALSE,701980672,669.5
201,empirical,parallel,0,TRUE,numeric,empirical,12,128,250,32,Inf,1000000,4,multisession,1,1000,25,FALSE,FALSE,2,"","",NA,NA,2026-07-08T14:54:07+0200,jullum-ubuntu,4.6.1,1.0.8.9002,b9c5fcd1,1000902,ok,0.7809,5.285,1.804,0.028,0,0,184534888,128,1,32,32,40,5.1211,0.0428,0.0273,5.0446,0.0064,1324769280,1193877504,7.73,0,FALSE,1193877504,1138.6
202,empirical,parallel,1,FALSE,numeric,empirical,12,128,250,32,Inf,1000000,4,multisession,1,1000,25,FALSE,FALSE,2,"","",NA,NA,2026-07-08T14:49:21+0200,jullum-ubuntu,4.6.1,1.0.8.9002,b9c5fcd1,998371,ok,0.7749,5.2997,1.828,0.026,0,0,185144984,128,1,32,32,40,5.1315,0.0427,0.0272,5.0555,0.0061,1327984640,1196089344,7.724,0,FALSE,1196089344,1140.7
203,empirical,parallel,2,FALSE,numeric,empirical,12,128,250,32,Inf,1000000,4,multisession,1,1000,25,FALSE,FALSE,2,"","",NA,NA,2026-07-08T11:34:21+0200,jullum-ubuntu,4.6.1,1.0.8.9002,b9c5fcd1,962684,ok,0.776,5.2786,1.799,0.023,0,0,184251120,128,1,32,32,40,5.1108,0.0428,0.0276,5.0341,0.0063,1328263168,1196154880,7.704,0,FALSE,1196154880,1140.7
204,empirical,parallel,3,FALSE,numeric,empirical,12,128,250,32,Inf,1000000,4,multisession,1,1000,25,FALSE,FALSE,2,"","",NA,NA,2026-07-08T14:54:16+0200,jullum-ubuntu,4.6.1,1.0.8.9002,b9c5fcd1,1001179,ok,0.7707,5.2769,1.824,0.024,0,0,184823384,128,1,32,32,40,5.1149,0.0428,0.0272,5.0389,0.0061,1327411200,1195520000,7.734,0,FALSE,1195520000,1140.1
205,empirical,parallel,0,TRUE,numeric,empirical,12,128,250,32,Inf,1000000,8,multisession,1,1000,25,FALSE,FALSE,2,"","",NA,NA,2026-07-08T11:36:36+0200,jullum-ubuntu,4.6.1,1.0.8.9002,b9c5fcd1,964747,ok,0.7747,4.4131,1.839,0.043,0,0,186294200,128,1,32,32,40,4.25,0.043,0.0273,4.1735,0.0061,2412208128,2181939200,6.992,0,FALSE,2181939200,2080.9
206,empirical,parallel,1,FALSE,numeric,empirical,12,128,250,32,Inf,1000000,8,multisession,1,1000,25,FALSE,FALSE,2,"","",NA,NA,2026-07-08T16:05:13+0200,jullum-ubuntu,4.6.1,1.0.8.9002,b9c5fcd1,1010166,ok,0.7827,4.3559,1.775,0.041,0,0,184815624,128,1,32,32,40,4.1876,0.0433,0.0276,4.1106,0.0061,2408345600,2175750144,6.926,0,FALSE,2175750144,2075
207,empirical,parallel,2,FALSE,numeric,empirical,12,128,250,32,Inf,1000000,8,multisession,1,1000,25,FALSE,FALSE,2,"","",NA,NA,2026-07-08T11:34:14+0200,jullum-ubuntu,4.6.1,1.0.8.9002,b9c5fcd1,962207,ok,0.7868,4.3611,1.784,0.033,0,0,184392208,128,1,32,32,40,4.1978,0.0429,0.0273,4.1168,0.0108,2412249088,2179100672,6.962,0,FALSE,2179100672,2078.2
208,empirical,parallel,3,FALSE,numeric,empirical,12,128,250,32,Inf,1000000,8,multisession,1,1000,25,FALSE,FALSE,2,"","",NA,NA,2026-07-08T14:20:02+0200,jullum-ubuntu,4.6.1,1.0.8.9002,b9c5fcd1,988823,ok,0.7768,4.3472,1.76,0.025,0,0,184354144,128,1,32,32,40,4.1784,0.043,0.0273,4.1018,0.0064,2404913152,2173628416,6.914,0,FALSE,2173628416,2072.9
209,empirical,parallel,0,TRUE,numeric,empirical,12,128,250,32,Inf,1000000,16,multisession,1,1000,25,FALSE,FALSE,2,"","",NA,NA,2026-07-08T14:52:04+0200,jullum-ubuntu,4.6.1,1.0.8.9002,b9c5fcd1,999648,ok,0.7697,4.1668,1.89,0.042,0,0,184221608,128,1,32,32,40,3.9961,0.043,0.0275,3.9194,0.0062,4574715904,4137824256,6.986,0,FALSE,4137824256,3946.1
210,empirical,parallel,1,FALSE,numeric,empirical,12,128,250,32,Inf,1000000,16,multisession,1,1000,25,FALSE,FALSE,2,"","",NA,NA,2026-07-08T11:51:11+0200,jullum-ubuntu,4.6.1,1.0.8.9002,b9c5fcd1,968809,ok,0.7688,4.1255,1.883,0.037,0,0,184265464,128,1,32,32,40,3.9568,0.0432,0.0273,3.8801,0.0062,4576268288,4134047744,6.929,0,FALSE,4134047744,3942.5
211,empirical,parallel,2,FALSE,numeric,empirical,12,128,250,32,Inf,1000000,16,multisession,1,1000,25,FALSE,FALSE,2,"","",NA,NA,2026-07-08T11:33:54+0200,jullum-ubuntu,4.6.1,1.0.8.9002,b9c5fcd1,959649,ok,0.7796,4.1502,1.893,0.038,0,0,185049312,128,1,32,32,40,3.9872,0.0429,0.0274,3.9108,0.0061,4576702464,4135436288,6.959,0,FALSE,4135436288,3943.9
212,empirical,parallel,3,FALSE,numeric,empirical,12,128,250,32,Inf,1000000,16,multisession,1,1000,25,FALSE,FALSE,2,"","",NA,NA,2026-07-08T11:36:22+0200,jullum-ubuntu,4.6.1,1.0.8.9002,b9c5fcd1,963831,ok,0.7687,4.278,1.945,0.04,0,0,185233848,128,1,32,32,40,4.1088,0.0443,0.0279,4.0306,0.0061,4577255424,4137189376,7.074,0,FALSE,4137189376,3945.5
213,empirical,parallel,0,TRUE,numeric,empirical,12,128,250,32,Inf,1000000,32,multisession,1,1000,25,FALSE,FALSE,2,"","",NA,NA,2026-07-08T08:14:29+0200,jullum-ubuntu,4.6.1,1.0.8.9002,b9c5fcd1,941052,ok,0.752,5.1276,2.207,0.054,0,0,187095256,128,1,32,32,40,4.9647,0.0433,0.0273,4.8879,0.0062,8826118144,7974592512,8.467,0,FALSE,7974592512,7605.2
214,empirical,parallel,1,FALSE,numeric,empirical,12,128,250,32,Inf,1000000,32,multisession,1,1000,25,FALSE,FALSE,2,"","",NA,NA,2026-07-08T08:04:52+0200,jullum-ubuntu,4.6.1,1.0.8.9002,b9c5fcd1,933965,ok,0.7704,5.1358,2.226,0.055,0,0,187092912,128,1,32,32,40,4.9732,0.0434,0.0286,4.8951,0.0061,8821755904,7970668544,8.539,0,FALSE,7970668544,7601.4
215,empirical,parallel,2,FALSE,numeric,empirical,12,128,250,32,Inf,1000000,32,multisession,1,1000,25,FALSE,FALSE,2,"","",NA,NA,2026-07-08T12:00:14+0200,jullum-ubuntu,4.6.1,1.0.8.9002,b9c5fcd1,973992,ok,0.7562,5.2337,2.179,0.062,0,0,187091000,128,1,32,32,40,5.0664,0.0425,0.0271,4.9905,0.0062,8821272576,7969263616,8.563,0,FALSE,7969263616,7600.1
216,empirical,parallel,3,FALSE,numeric,empirical,12,128,250,32,Inf,1000000,32,multisession,1,1000,25,FALSE,FALSE,2,"","",NA,NA,2026-07-08T11:42:30+0200,jullum-ubuntu,4.6.1,1.0.8.9002,b9c5fcd1,965634,ok,0.7589,5.1766,2.208,0.068,0,0,187090536,128,1,32,32,40,5.0071,0.0443,0.0288,4.928,0.0061,8826871808,7972491264,8.532,0,FALSE,7972491264,7603.2
217,empirical,parallel,0,TRUE,numeric,empirical,12,128,250,128,Inf,1000000,1,multisession,1,1000,25,FALSE,FALSE,2,"","",NA,NA,2026-07-08T14:52:11+0200,jullum-ubuntu,4.6.1,1.0.8.9002,b9c5fcd1,1000525,ok,0.8828,38.2495,38.184,0.054,0,0,220757032,128,1,126,126,40,38.0852,0.0424,0.0273,38.0094,0.0062,274231296,247431168,40.043,0,FALSE,247431168,236
218,empirical,parallel,1,FALSE,numeric,empirical,12,128,250,128,Inf,1000000,1,multisession,1,1000,25,FALSE,FALSE,2,"","",NA,NA,2026-07-08T13:07:32+0200,jullum-ubuntu,4.6.1,1.0.8.9002,b9c5fcd1,982324,ok,0.888,38.4306,38.349,0.071,0,0,221555568,128,1,126,126,40,38.2661,0.043,0.0275,38.1894,0.0063,275951616,249331712,40.247,0,FALSE,249331712,237.8
219,empirical,parallel,2,FALSE,numeric,empirical,12,128,250,128,Inf,1000000,1,multisession,1,1000,25,FALSE,FALSE,2,"","",NA,NA,2026-07-08T14:39:17+0200,jullum-ubuntu,4.6.1,1.0.8.9002,b9c5fcd1,997123,ok,0.8839,38.164,38.081,0.07,0,0,221494112,128,1,126,126,40,38.0014,0.0425,0.0273,37.9255,0.0061,275738624,248774656,39.945,0,FALSE,248774656,237.2
220,empirical,parallel,3,FALSE,numeric,empirical,12,128,250,128,Inf,1000000,1,multisession,1,1000,25,FALSE,FALSE,2,"","",NA,NA,2026-07-08T11:59:00+0200,jullum-ubuntu,4.6.1,1.0.8.9002,b9c5fcd1,971242,ok,0.8851,38.2175,38.15,0.057,0,0,221728072,128,1,126,126,40,38.0585,0.0433,0.0275,37.9814,0.0062,274976768,249315328,40.017,0,FALSE,249315328,237.8
221,empirical,parallel,0,TRUE,numeric,empirical,12,128,250,128,Inf,1000000,2,multisession,1,1000,25,FALSE,FALSE,2,"","",NA,NA,2026-07-08T14:47:53+0200,jullum-ubuntu,4.6.1,1.0.8.9002,b9c5fcd1,997944,ok,0.7825,20.2462,2.524,0.035,0,0,184832200,128,1,126,126,40,20.0777,0.0429,0.0276,20.001,0.0062,754319360,673366016,22.667,0,FALSE,673366016,642.2
222,empirical,parallel,1,FALSE,numeric,empirical,12,128,250,128,Inf,1000000,2,multisession,1,1000,25,FALSE,FALSE,2,"","",NA,NA,2026-07-08T14:49:29+0200,jullum-ubuntu,4.6.1,1.0.8.9002,b9c5fcd1,998648,ok,0.7944,20.2164,2.511,0.043,0,0,184970016,128,1,126,126,40,20.0484,0.043,0.0274,19.9719,0.0062,753885184,671408128,22.635,0,FALSE,671408128,640.3
223,empirical,parallel,2,FALSE,numeric,empirical,12,128,250,128,Inf,1000000,2,multisession,1,1000,25,FALSE,FALSE,2,"","",NA,NA,2026-07-08T14:26:10+0200,jullum-ubuntu,4.6.1,1.0.8.9002,b9c5fcd1,989698,ok,0.7846,20.187,2.526,0.037,0,0,186586280,128,1,126,126,40,20.0188,0.0427,0.0273,19.9427,0.0062,756887552,674291712,22.616,0,FALSE,674291712,643.1
224,empirical,parallel,3,FALSE,numeric,empirical,12,128,250,128,Inf,1000000,2,multisession,1,1000,25,FALSE,FALSE,2,"","",NA,NA,2026-07-08T14:26:50+0200,jullum-ubuntu,4.6.1,1.0.8.9002,b9c5fcd1,989914,ok,0.7861,20.2364,2.476,0.04,0,0,185605360,128,1,126,126,40,20.0683,0.0433,0.0276,19.9914,0.0061,754507776,673222656,22.656,0,FALSE,673222656,642
225,empirical,parallel,0,TRUE,numeric,empirical,12,128,250,128,Inf,1000000,4,multisession,1,1000,25,FALSE,FALSE,2,"","",NA,NA,2026-07-08T11:52:08+0200,jullum-ubuntu,4.6.1,1.0.8.9002,b9c5fcd1,970008,ok,0.7748,12.0195,2.326,0.042,0,0,185207760,128,1,126,126,40,11.8521,0.0429,0.0276,11.7753,0.0063,1261080576,1129086976,14.473,0,FALSE,1129086976,1076.8
226,empirical,parallel,1,FALSE,numeric,empirical,12,128,250,128,Inf,1000000,4,multisession,1,1000,25,FALSE,FALSE,2,"","",NA,NA,2026-07-08T08:07:16+0200,jullum-ubuntu,4.6.1,1.0.8.9002,b9c5fcd1,937120,ok,0.778,12.014,2.197,0.052,0,0,185070816,128,1,126,126,40,11.8511,0.0436,0.0275,11.7737,0.0062,1260371968,1128820736,14.492,0,FALSE,1128820736,1076.5
227,empirical,parallel,2,FALSE,numeric,empirical,12,128,250,128,Inf,1000000,4,multisession,1,1000,25,FALSE,FALSE,2,"","",NA,NA,2026-07-08T13:03:19+0200,jullum-ubuntu,4.6.1,1.0.8.9002,b9c5fcd1,980199,ok,0.7755,12.0567,2.376,0.053,0,0,186080048,128,1,126,126,40,11.8891,0.0428,0.0273,11.8129,0.0062,1262792704,1131360256,14.526,0,FALSE,1131360256,1078.9
228,empirical,parallel,3,FALSE,numeric,empirical,12,128,250,128,Inf,1000000,4,multisession,1,1000,25,FALSE,FALSE,2,"","",NA,NA,2026-07-08T13:01:21+0200,jullum-ubuntu,4.6.1,1.0.8.9002,b9c5fcd1,979583,ok,0.7754,12.0494,2.329,0.06,0,0,185416848,128,1,126,126,40,11.8814,0.0434,0.0275,11.8043,0.0062,1262542848,1129930752,14.51,0,FALSE,1129930752,1077.6
229,empirical,parallel,0,TRUE,numeric,empirical,12,128,250,128,Inf,1000000,8,multisession,1,1000,25,FALSE,FALSE,2,"","",NA,NA,2026-07-08T09:32:36+0200,jullum-ubuntu,4.6.1,1.0.8.9002,b9c5fcd1,948790,ok,0.784,8.3983,2.167,0.047,0,0,184805984,128,1,126,126,40,8.2257,0.0442,0.0276,8.1478,0.006,2274836480,2042552320,11.017,0,FALSE,2042552320,1947.9
230,empirical,parallel,1,FALSE,numeric,empirical,12,128,250,128,Inf,1000000,8,multisession,1,1000,25,FALSE,FALSE,2,"","",NA,NA,2026-07-08T08:14:17+0200,jullum-ubuntu,4.6.1,1.0.8.9002,b9c5fcd1,940575,ok,0.7745,8.3515,2.172,0.041,0,0,184509280,128,1,126,126,40,8.1886,0.0434,0.0277,8.1114,0.0061,2275278848,2041798656,10.925,0,FALSE,2041798656,1947.2
231,empirical,parallel,2,FALSE,numeric,empirical,12,128,250,128,Inf,1000000,8,multisession,1,1000,25,FALSE,FALSE,2,"","",NA,NA,2026-07-08T08:20:22+0200,jullum-ubuntu,4.6.1,1.0.8.9002,b9c5fcd1,943304,ok,0.7722,8.3833,2.099,0.048,0,0,184919296,128,1,126,126,40,8.2128,0.0429,0.0272,8.1364,0.0063,2277343232,2043043840,10.974,0,FALSE,2043043840,1948.4
232,empirical,parallel,3,FALSE,numeric,empirical,12,128,250,128,Inf,1000000,8,multisession,1,1000,25,FALSE,FALSE,2,"","",NA,NA,2026-07-08T08:05:44+0200,jullum-ubuntu,4.6.1,1.0.8.9002,b9c5fcd1,935700,ok,0.7765,8.4185,2.212,0.043,0,0,186266008,128,1,126,126,40,8.2544,0.0428,0.0273,8.178,0.0064,2278813696,2045886464,11.003,0,FALSE,2045886464,1951.1
233,empirical,parallel,0,TRUE,numeric,empirical,12,128,250,128,Inf,1000000,16,multisession,1,1000,25,FALSE,FALSE,2,"","",NA,NA,2026-07-08T11:59:47+0200,jullum-ubuntu,4.6.1,1.0.8.9002,b9c5fcd1,971381,ok,0.7658,6.9337,2.274,0.048,0,0,186306952,128,1,126,126,40,6.7689,0.0435,0.0276,6.6914,0.0065,4317061120,3878223872,9.768,0,FALSE,3878223872,3698.6
234,empirical,parallel,1,FALSE,numeric,empirical,12,128,250,128,Inf,1000000,16,multisession,1,1000,25,FALSE,FALSE,2,"","",NA,NA,2026-07-08T13:05:33+0200,jullum-ubuntu,4.6.1,1.0.8.9002,b9c5fcd1,980834,ok,0.7738,6.8541,2.228,0.04,0,0,185196656,128,1,126,126,40,6.6861,0.0431,0.0277,6.6091,0.0062,4309295104,3870466048,9.664,0,FALSE,3870466048,3691.2
235,empirical,parallel,2,FALSE,numeric,empirical,12,128,250,128,Inf,1000000,16,multisession,1,1000,25,FALSE,FALSE,2,"","",NA,NA,2026-07-08T11:33:35+0200,jullum-ubuntu,4.6.1,1.0.8.9002,b9c5fcd1,958682,ok,0.7801,6.8929,2.281,0.054,0,0,186186512,128,1,126,126,40,6.7299,0.0429,0.0276,6.6532,0.0061,4308951040,3870879744,9.674,0,FALSE,3870879744,3691.6
236,empirical,parallel,3,FALSE,numeric,empirical,12,128,250,128,Inf,1000000,16,multisession,1,1000,25,FALSE,FALSE,2,"","",NA,NA,2026-07-08T14:12:56+0200,jullum-ubuntu,4.6.1,1.0.8.9002,b9c5fcd1,986802,ok,0.7751,6.9375,2.256,0.047,0,0,186098160,128,1,126,126,40,6.7684,0.044,0.0284,6.6898,0.0062,4311502848,3872673792,9.703,0,FALSE,3872673792,3693.3
237,empirical,parallel,0,TRUE,numeric,empirical,12,128,250,128,Inf,1000000,32,multisession,1,1000,25,FALSE,FALSE,2,"","",NA,NA,2026-07-08T10:33:15+0200,jullum-ubuntu,4.6.1,1.0.8.9002,b9c5fcd1,953274,ok,0.7578,7.9078,2.512,0.069,0,0,187119880,128,1,126,126,40,7.7401,0.043,0.0272,7.6638,0.0062,8384155648,7531339776,11.271,0,FALSE,7531339776,7182.4
238,empirical,parallel,1,FALSE,numeric,empirical,12,128,250,128,Inf,1000000,32,multisession,1,1000,25,FALSE,FALSE,2,"","",NA,NA,2026-07-08T14:34:14+0200,jullum-ubuntu,4.6.1,1.0.8.9002,b9c5fcd1,992832,ok,0.7553,7.8939,2.533,0.082,0,0,187120400,128,1,126,126,40,7.7258,0.0427,0.0273,7.6495,0.0062,8395505664,7536717824,11.214,0,FALSE,7536717824,7187.6
239,empirical,parallel,2,FALSE,numeric,empirical,12,128,250,128,Inf,1000000,32,multisession,1,1000,25,FALSE,FALSE,2,"","",NA,NA,2026-07-08T08:07:40+0200,jullum-ubuntu,4.6.1,1.0.8.9002,b9c5fcd1,937510,ok,0.7604,7.8079,2.565,0.062,0,0,187118384,128,1,126,126,40,7.6408,0.0426,0.0272,7.5647,0.0063,8391479296,7536734208,11.188,0,FALSE,7536734208,7187.6
240,empirical,parallel,3,FALSE,numeric,empirical,12,128,250,128,Inf,1000000,32,multisession,1,1000,25,FALSE,FALSE,2,"","",NA,NA,2026-07-08T11:34:02+0200,jullum-ubuntu,4.6.1,1.0.8.9002,b9c5fcd1,960526,ok,0.7888,7.9081,2.599,0.065,0,0,188307416,128,1,126,126,40,7.7303,0.0433,0.0277,7.6531,0.0062,8387891200,7533404160,11.307,0,FALSE,7533404160,7184.4
241,empirical,batches,0,TRUE,numeric,empirical,12,128,250,1,Inf,Inf,1,multisession,1,1000,25,FALSE,FALSE,2,"","",NA,NA,2026-07-08T08:07:02+0200,jullum-ubuntu,4.6.1,1.0.8.9002,b9c5fcd1,937042,ok,0.887,3.4663,3.36,0.104,0,0,325782656,128,1,1,1,Inf,3.3083,0.0427,0.0281,3.2314,0.0061,390807552,365989888,5.284,0,FALSE,365989888,349
242,empirical,batches,1,FALSE,numeric,empirical,12,128,250,1,Inf,Inf,1,multisession,1,1000,25,FALSE,FALSE,2,"","",NA,NA,2026-07-08T08:06:31+0200,jullum-ubuntu,4.6.1,1.0.8.9002,b9c5fcd1,936746,ok,0.884,3.4643,3.347,0.115,0,0,333796872,128,1,1,1,Inf,3.2982,0.0428,0.0275,3.2219,0.0061,396566528,372051968,5.293,0,FALSE,372051968,354.8
243,empirical,batches,2,FALSE,numeric,empirical,12,128,250,1,Inf,Inf,1,multisession,1,1000,25,FALSE,FALSE,2,"","",NA,NA,2026-07-08T11:59:41+0200,jullum-ubuntu,4.6.1,1.0.8.9002,b9c5fcd1,971281,ok,0.8907,3.4869,3.376,0.107,0,0,325788344,128,1,1,1,Inf,3.3209,0.0433,0.0281,3.2434,0.0061,392683520,367460352,5.313,0,FALSE,367460352,350.4
244,empirical,batches,3,FALSE,numeric,empirical,12,128,250,1,Inf,Inf,1,multisession,1,1000,25,FALSE,FALSE,2,"","",NA,NA,2026-07-08T16:01:53+0200,jullum-ubuntu,4.6.1,1.0.8.9002,b9c5fcd1,1007752,ok,0.8929,3.4881,3.378,0.108,0,0,332976360,128,1,1,1,Inf,3.323,0.0423,0.0272,3.2475,0.0061,391737344,365367296,5.332,0,FALSE,365367296,348.4
245,empirical,batches,0,TRUE,numeric,empirical,12,128,250,2,Inf,Inf,1,multisession,1,1000,25,FALSE,FALSE,2,"","",NA,NA,2026-07-08T14:37:05+0200,jullum-ubuntu,4.6.1,1.0.8.9002,b9c5fcd1,995013,ok,0.89,3.7024,3.634,0.066,0,0,287255280,128,1,2,2,Inf,3.5427,0.043,0.0274,3.4662,0.0062,330620928,304152576,5.504,0,FALSE,304152576,290.1
246,empirical,batches,1,FALSE,numeric,empirical,12,128,250,2,Inf,Inf,1,multisession,1,1000,25,FALSE,FALSE,2,"","",NA,NA,2026-07-08T16:01:46+0200,jullum-ubuntu,4.6.1,1.0.8.9002,b9c5fcd1,1007711,ok,0.8822,3.6974,3.623,0.072,0,0,269868248,128,1,2,2,Inf,3.5317,0.0421,0.0272,3.4561,0.0063,331374592,304787456,5.505,0,FALSE,304787456,290.7
247,empirical,batches,2,FALSE,numeric,empirical,12,128,250,2,Inf,Inf,1,multisession,1,1000,25,FALSE,FALSE,2,"","",NA,NA,2026-07-08T13:03:34+0200,jullum-ubuntu,4.6.1,1.0.8.9002,b9c5fcd1,980476,ok,0.8886,3.7545,3.683,0.069,0,0,267419312,128,1,2,2,Inf,3.5878,0.0425,0.0275,3.5116,0.0062,332140544,305201152,5.576,0,FALSE,305201152,291.1
248,empirical,batches,3,FALSE,numeric,empirical,12,128,250,2,Inf,Inf,1,multisession,1,1000,25,FALSE,FALSE,2,"","",NA,NA,2026-07-08T14:31:17+0200,jullum-ubuntu,4.6.1,1.0.8.9002,b9c5fcd1,991202,ok,0.8817,3.569,3.516,0.05,0,0,266817024,128,1,2,2,Inf,3.4044,0.0422,0.0273,3.3287,0.0062,331407360,305090560,5.376,0,FALSE,305090560,291
249,empirical,batches,0,TRUE,numeric,empirical,12,128,250,5,Inf,Inf,1,multisession,1,1000,25,FALSE,FALSE,2,"","",NA,NA,2026-07-08T08:25:21+0200,jullum-ubuntu,4.6.1,1.0.8.9002,b9c5fcd1,944131,ok,0.8864,4.0183,3.963,0.052,0,0,248308024,128,1,5,5,Inf,3.8549,0.0423,0.0276,3.7786,0.0064,296550400,270454784,5.817,0,FALSE,270454784,257.9
250,empirical,batches,1,FALSE,numeric,empirical,12,128,250,5,Inf,Inf,1,multisession,1,1000,25,FALSE,FALSE,2,"","",NA,NA,2026-07-08T11:58:41+0200,jullum-ubuntu,4.6.1,1.0.8.9002,b9c5fcd1,971115,ok,0.8964,4.1708,4.108,0.056,0,0,248308256,128,1,5,5,Inf,4.005,0.045,0.0281,3.9255,0.0063,294797312,270319616,5.98,0,FALSE,270319616,257.8
251,empirical,batches,2,FALSE,numeric,empirical,12,128,250,5,Inf,Inf,1,multisession,1,1000,25,FALSE,FALSE,2,"","",NA,NA,2026-07-08T12:00:23+0200,jullum-ubuntu,4.6.1,1.0.8.9002,b9c5fcd1,975669,ok,0.8809,4.0175,3.96,0.054,0,0,248306672,128,1,5,5,Inf,3.8499,0.0455,0.0292,3.7692,0.006,297492480,271319040,5.805,0,FALSE,271319040,258.8
252,empirical,batches,3,FALSE,numeric,empirical,12,128,250,5,Inf,Inf,1,multisession,1,1000,25,FALSE,FALSE,2,"","",NA,NA,2026-07-08T05:58:21+0200,jullum-ubuntu,4.6.1,1.0.8.9002,b9c5fcd1,923161,ok,0.8819,4.0644,3.998,0.064,0,0,248307808,128,1,5,5,Inf,3.9068,0.0424,0.0273,3.8256,0.0115,298057728,273408000,5.877,0,FALSE,273408000,260.7
253,empirical,batches,0,TRUE,numeric,empirical,12,128,250,25,Inf,Inf,1,multisession,1,1000,25,FALSE,FALSE,2,"","",NA,NA,2026-07-08T14:31:32+0200,jullum-ubuntu,4.6.1,1.0.8.9002,b9c5fcd1,991280,ok,0.8865,9.6677,9.635,0.029,0,0,234250112,128,1,25,25,Inf,9.5033,0.0427,0.0274,9.4271,0.0062,278802432,252362752,11.452,0,FALSE,252362752,240.7
254,empirical,batches,1,FALSE,numeric,empirical,12,128,250,25,Inf,Inf,1,multisession,1,1000,25,FALSE,FALSE,2,"","",NA,NA,2026-07-08T14:52:52+0200,jullum-ubuntu,4.6.1,1.0.8.9002,b9c5fcd1,1000627,ok,0.8825,9.6547,9.626,0.025,0,0,234246496,128,1,25,25,Inf,9.4865,0.0423,0.0272,9.4104,0.0066,278294528,250949632,11.453,0,FALSE,250949632,239.3
255,empirical,batches,2,FALSE,numeric,empirical,12,128,250,25,Inf,Inf,1,multisession,1,1000,25,FALSE,FALSE,2,"","",NA,NA,2026-07-08T13:08:35+0200,jullum-ubuntu,4.6.1,1.0.8.9002,b9c5fcd1,982581,ok,0.8877,9.7486,9.708,0.036,0,0,234247888,128,1,25,25,Inf,9.5851,0.0424,0.0275,9.5088,0.0064,279281664,252280832,11.543,0,FALSE,252280832,240.6
256,empirical,batches,3,FALSE,numeric,empirical,12,128,250,25,Inf,Inf,1,multisession,1,1000,25,FALSE,FALSE,2,"","",NA,NA,2026-07-08T14:18:59+0200,jullum-ubuntu,4.6.1,1.0.8.9002,b9c5fcd1,988401,ok,0.8827,9.6056,9.571,0.03,0,0,234247736,128,1,25,25,Inf,9.4424,0.0427,0.0277,9.3658,0.0063,278929408,252489728,11.4,0,FALSE,252489728,240.8
257,empirical,batches,0,TRUE,numeric,empirical,12,128,250,50,Inf,Inf,1,multisession,1,1000,25,FALSE,FALSE,2,"","",NA,NA,2026-07-08T13:06:00+0200,jullum-ubuntu,4.6.1,1.0.8.9002,b9c5fcd1,982041,ok,0.8866,16.6934,16.639,0.048,0,0,230813768,128,1,50,50,Inf,16.5307,0.0425,0.0273,16.4549,0.006,278306816,251936768,18.478,0,FALSE,251936768,240.3
258,empirical,batches,1,FALSE,numeric,empirical,12,128,250,50,Inf,Inf,1,multisession,1,1000,25,FALSE,FALSE,2,"","",NA,NA,2026-07-08T14:36:28+0200,jullum-ubuntu,4.6.1,1.0.8.9002,b9c5fcd1,994758,ok,0.8859,16.7373,16.698,0.034,0,0,230689784,128,1,50,50,Inf,16.5738,0.0425,0.0274,16.4977,0.0061,277622784,251445248,18.558,0,FALSE,251445248,239.8
259,empirical,batches,2,FALSE,numeric,empirical,12,128,250,50,Inf,Inf,1,multisession,1,1000,25,FALSE,FALSE,2,"","",NA,NA,2026-07-08T14:53:48+0200,jullum-ubuntu,4.6.1,1.0.8.9002,b9c5fcd1,1000861,ok,0.8763,16.6829,16.629,0.046,0,0,230685568,128,1,50,50,Inf,16.5206,0.0422,0.0272,16.4451,0.0061,278507520,251965440,18.47,0,FALSE,251965440,240.3
260,empirical,batches,3,FALSE,numeric,empirical,12,128,250,50,Inf,Inf,1,multisession,1,1000,25,FALSE,FALSE,2,"","",NA,NA,2026-07-08T13:01:02+0200,jullum-ubuntu,4.6.1,1.0.8.9002,b9c5fcd1,979544,ok,0.868,16.6781,16.635,0.038,0,0,231099296,128,1,50,50,Inf,16.5183,0.0414,0.0266,16.4443,0.0059,279089152,252432384,18.45,0,FALSE,252432384,240.7
261,empirical,iterative_budget,0,TRUE,numeric,empirical,12,256,250,10,Inf,1000000,1,multisession,1,1000,25,TRUE,FALSE,2,"",source,NA,NA,2026-07-16T00:13:31+0200,jullum-ubuntu,4.6.1,1.0.8.9003,10cc557a,2514576,ok,0.885,24.4828,24.401,0.075,0,0,248308344,256,5,10,10,40,24.3175,0.043,0.0275,24.2381,0.0089,294121472,267653120,26.267,0,FALSE,267653120,255.3
262,empirical,iterative_budget,1,FALSE,numeric,empirical,12,256,250,10,Inf,1000000,1,multisession,1,1000,25,TRUE,FALSE,2,"",source,NA,NA,2026-07-16T00:16:34+0200,jullum-ubuntu,4.6.1,1.0.8.9003,10cc557a,2517407,ok,0.8947,19.8947,19.838,0.048,0,0,248308288,256,4,10,10,40,19.7287,0.0436,0.0278,19.6488,0.0085,293875712,267116544,21.712,0,FALSE,267116544,254.7
263,empirical,iterative_budget,2,FALSE,numeric,empirical,12,256,250,10,Inf,1000000,1,multisession,1,1000,25,TRUE,FALSE,2,"",source,NA,NA,2026-07-16T00:12:51+0200,jullum-ubuntu,4.6.1,1.0.8.9003,10cc557a,2513889,ok,0.8888,19.7949,19.712,0.075,0,0,248308288,256,4,10,10,40,19.6298,0.043,0.0277,19.5504,0.0087,293228544,266895360,21.608,0,FALSE,266895360,254.5
264,empirical,iterative_budget,3,FALSE,numeric,empirical,12,256,250,10,Inf,1000000,1,multisession,1,1000,25,TRUE,FALSE,2,"",source,NA,NA,2026-07-16T00:00:51+0200,jullum-ubuntu,4.6.1,1.0.8.9003,10cc557a,2502656,ok,0.8904,19.6188,19.547,0.064,0,0,248308024,256,4,10,10,40,19.4547,0.0432,0.0274,19.3753,0.0088,291700736,266072064,21.44,0,FALSE,266072064,253.7
265,empirical,iterative_budget,0,TRUE,numeric,empirical,12,-1,250,10,Inf,1000000,1,multisession,1,1000,25,FALSE,FALSE,2,"",dependent,261,4096,2026-07-08T14:35:09+0200,jullum-ubuntu,4.6.1,1.0.8.9002,b9c5fcd1,994614,ok,0.8831,61.4761,61.311,0.146,0,0,286805200,4096,1,103,103,40,61.3084,0.0431,0.0276,61.1822,0.0555,343080960,317607936,63.291,0,FALSE,317607936,302.9
266,empirical,iterative_budget,1,FALSE,numeric,empirical,12,-1,250,10,Inf,1000000,1,multisession,1,1000,25,FALSE,FALSE,2,"",dependent,262,4096,2026-07-08T14:55:07+0200,jullum-ubuntu,4.6.1,1.0.8.9002,b9c5fcd1,1001562,ok,0.887,61.6628,61.28,0.364,0,0,286541224,4096,1,103,103,40,61.4951,0.0449,0.0274,61.3671,0.0557,344940544,320151552,63.475,0,FALSE,320151552,305.3
267,empirical,iterative_budget,2,FALSE,numeric,empirical,12,-1,250,10,Inf,1000000,1,multisession,1,1000,25,FALSE,FALSE,2,"",dependent,263,4096,2026-07-08T14:30:13+0200,jullum-ubuntu,4.6.1,1.0.8.9002,b9c5fcd1,991155,ok,0.881,61.6503,61.313,0.318,0,0,286691672,4096,1,103,103,40,61.4831,0.0434,0.0276,61.3567,0.0554,338968576,314572800,63.457,0,FALSE,314572800,300
268,empirical,iterative_budget,3,FALSE,numeric,empirical,12,-1,250,10,Inf,1000000,1,multisession,1,1000,25,FALSE,FALSE,2,"",dependent,264,4096,2026-07-08T08:09:21+0200,jullum-ubuntu,4.6.1,1.0.8.9002,b9c5fcd1,939986,ok,0.8802,61.2855,61.09,0.178,0,0,286492672,4096,1,103,103,40,61.1182,0.0426,0.0273,60.9927,0.0556,336343040,311853056,63.1,0,FALSE,311853056,297.4
269,empirical,iterative_budget,0,TRUE,numeric,empirical,12,1024,250,10,Inf,1000000,1,multisession,1,1000,25,TRUE,FALSE,2,"",source,NA,NA,2026-07-16T00:03:40+0200,jullum-ubuntu,4.6.1,1.0.8.9003,10cc557a,2505410,ok,0.8835,29.9474,29.851,0.084,0,0,248308288,284,7,2,10,40,29.7807,0.0426,0.0274,29.6955,0.0152,296988672,270700544,31.765,0,FALSE,270700544,258.2
270,empirical,iterative_budget,1,FALSE,numeric,empirical,12,1024,250,10,Inf,1000000,1,multisession,1,1000,25,TRUE,FALSE,2,"",source,NA,NA,2026-07-15T23:59:47+0200,jullum-ubuntu,4.6.1,1.0.8.9003,10cc557a,2501572,ok,0.8834,41.0777,40.949,0.116,0,0,248308288,312,10,4,10,40,40.9127,0.0422,0.0275,40.8318,0.0112,304402432,279523328,42.966,0,FALSE,279523328,266.6
271,empirical,iterative_budget,2,FALSE,numeric,empirical,12,1024,250,10,Inf,1000000,1,multisession,1,1000,25,TRUE,FALSE,2,"",source,NA,NA,2026-07-16T00:16:59+0200,jullum-ubuntu,4.6.1,1.0.8.9003,10cc557a,2517858,ok,0.8869,15.7856,15.698,0.082,0,0,248308288,292,3,10,10,40,15.6214,0.0427,0.0289,15.541,0.0089,303751168,278183936,17.589,0,FALSE,278183936,265.3
272,empirical,iterative_budget,3,FALSE,numeric,empirical,12,1024,250,10,Inf,1000000,1,multisession,1,1000,25,TRUE,FALSE,2,"",source,NA,NA,2026-07-16T00:01:29+0200,jullum-ubuntu,4.6.1,1.0.8.9003,10cc557a,2503490,ok,0.8957,29.3119,29.227,0.071,0,0,248308288,276,6,10,10,40,29.1483,0.0431,0.0275,29.0674,0.0103,294371328,268496896,31.129,0,FALSE,268496896,256.1
273,empirical,iterative_budget,0,TRUE,numeric,empirical,12,-1,250,10,Inf,1000000,1,multisession,1,1000,25,FALSE,FALSE,2,"",dependent,269,4096,2026-07-08T08:28:48+0200,jullum-ubuntu,4.6.1,1.0.8.9002,b9c5fcd1,944555,ok,0.8842,62.8692,62.644,0.207,0,0,286796648,4096,1,103,103,40,62.7012,0.0426,0.0274,62.5756,0.0556,339587072,315146240,64.711,0,FALSE,315146240,300.5
274,empirical,iterative_budget,1,FALSE,numeric,empirical,12,-1,250,10,Inf,1000000,1,multisession,1,1000,25,FALSE,FALSE,2,"",dependent,270,4096,2026-07-08T08:03:48+0200,jullum-ubuntu,4.6.1,1.0.8.9002,b9c5fcd1,933864,ok,0.8889,61.7952,61.494,0.283,0,0,286343872,4096,1,103,103,40,61.6266,0.0432,0.0274,61.5002,0.0558,333950976,310251520,63.611,0,FALSE,310251520,295.9
275,empirical,iterative_budget,2,FALSE,numeric,empirical,12,-1,250,10,Inf,1000000,1,multisession,1,1000,25,FALSE,FALSE,2,"",dependent,271,4096,2026-07-08T14:58:19+0200,jullum-ubuntu,4.6.1,1.0.8.9002,b9c5fcd1,1001905,ok,0.8847,61.6562,61.271,0.369,0,0,286357520,4096,1,103,103,40,61.4897,0.043,0.0275,61.3638,0.0554,336551936,311226368,63.459,0,FALSE,311226368,296.8
276,empirical,iterative_budget,3,FALSE,numeric,empirical,12,-1,250,10,Inf,1000000,1,multisession,1,1000,25,FALSE,FALSE,2,"",dependent,272,4096,2026-07-08T08:12:51+0200,jullum-ubuntu,4.6.1,1.0.8.9002,b9c5fcd1,940336,ok,0.8842,62.1472,61.889,0.24,0,0,285960712,4096,1,103,103,40,61.981,0.0425,0.0276,61.8558,0.0551,330104832,304771072,63.975,0,FALSE,304771072,290.7
277,empirical,empirical_type,0,TRUE,numeric,empirical,12,128,250,10,Inf,1000000,1,multisession,1,1000,25,FALSE,FALSE,2,empirical.type=fixed_sigma,"",NA,NA,2026-07-08T15:59:38+0200,jullum-ubuntu,4.6.1,1.0.8.9002,b9c5fcd1,1007428,ok,0.8874,5.432,5.398,0.03,0,0,248315312,128,1,10,10,40,5.2673,0.0432,0.0278,5.19,0.0063,284704768,258564096,7.237,0,FALSE,258564096,246.6
278,empirical,empirical_type,1,FALSE,numeric,empirical,12,128,250,10,Inf,1000000,1,multisession,1,1000,25,FALSE,FALSE,2,empirical.type=fixed_sigma,"",NA,NA,2026-07-07T13:15:45+0200,jullum-ubuntu,4.6.1,1.0.8.9002,71de5efd,503594,ok,0.8908,5.6693,5.633,0.033,0,0,248318688,128,1,10,10,40,5.5051,0.0428,0.0278,5.4279,0.0066,,,,,,,
279,empirical,empirical_type,2,FALSE,numeric,empirical,12,128,250,10,Inf,1000000,1,multisession,1,1000,25,FALSE,FALSE,2,empirical.type=fixed_sigma,"",NA,NA,2026-07-08T05:57:06+0200,jullum-ubuntu,4.6.1,1.0.8.9002,b9c5fcd1,921844,ok,0.8831,5.6389,5.596,0.041,0,0,248313104,128,1,10,10,40,5.476,0.0436,0.0274,5.3989,0.0061,285753344,259280896,7.421,0,FALSE,259280896,247.3
280,empirical,empirical_type,3,FALSE,numeric,empirical,12,128,250,10,Inf,1000000,1,multisession,1,1000,25,FALSE,FALSE,2,empirical.type=fixed_sigma,"",NA,NA,2026-07-08T14:10:15+0200,jullum-ubuntu,4.6.1,1.0.8.9002,b9c5fcd1,986553,ok,0.881,5.3676,5.341,0.025,0,0,248312616,128,1,10,10,40,5.2045,0.0425,0.0274,5.1285,0.006,285798400,259178496,7.149,0,FALSE,259178496,247.2
281,empirical,empirical_type,0,TRUE,numeric,empirical,12,128,250,10,Inf,1000000,1,multisession,1,1000,25,FALSE,FALSE,2,empirical.type=AICc_each_k,"",NA,NA,2026-07-15T08:52:48+0200,jullum-ubuntu,4.6.1,1.0.8.9002,8bc209fc,2328304,ok,0.8921,6332.1273,4881.039,1449.452,0,0,248345464,128,1,10,10,40,6331.9636,0.0423,0.0273,6331.8879,0.0061,339165184,314544128,6333.94,0,FALSE,314544128,300
282,empirical,empirical_type,1,FALSE,numeric,empirical,12,128,250,10,Inf,1000000,1,multisession,1,1000,25,FALSE,FALSE,2,empirical.type=AICc_each_k,"",NA,NA,2026-07-15T05:20:59+0200,jullum-ubuntu,4.6.1,1.0.8.9002,8bc209fc,2313404,ok,0.8974,6345.7808,4965.621,1378.582,0,0,248344936,128,1,10,10,40,6345.6175,0.0429,0.0276,6345.541,0.0061,336801792,311779328,6347.632,0,FALSE,311779328,297.3
283,empirical,empirical_type,2,FALSE,numeric,empirical,12,128,250,10,Inf,1000000,1,multisession,1,1000,25,FALSE,FALSE,2,empirical.type=AICc_each_k,"",NA,NA,2026-07-15T07:06:51+0200,jullum-ubuntu,4.6.1,1.0.8.9002,8bc209fc,2321105,ok,0.882,6353.1108,4889.21,1462.285,0,0,248313072,128,1,10,10,40,6352.9463,0.0438,0.0274,6352.869,0.0061,342614016,317722624,6354.915,0,FALSE,317722624,303
284,empirical,empirical_type,3,FALSE,numeric,empirical,12,128,250,10,Inf,1000000,1,multisession,1,1000,25,FALSE,FALSE,2,empirical.type=AICc_each_k,"",NA,NA,2026-07-15T01:44:46+0200,jullum-ubuntu,4.6.1,1.0.8.9002,8bc209fc,2299621,ok,0.8911,6276.394,4842.017,1432.778,0,0,248312664,128,1,10,10,40,6276.2322,0.0426,0.0273,6276.1563,0.006,332197888,307666944,6278.227,0,FALSE,307666944,293.4
285,empirical,empirical_type,0,TRUE,numeric,empirical,12,128,250,10,Inf,1000000,1,multisession,1,1000,25,FALSE,FALSE,2,empirical.type=AICc_full,"",NA,NA,2026-07-15T03:29:31+0200,jullum-ubuntu,4.6.1,1.0.8.9002,8bc209fc,2306258,ok,0.8911,6657.8351,4931.031,1725.135,0,0,248313160,128,1,10,10,40,6657.67,0.0426,0.0273,6657.5939,0.0061,333139968,308965376,6659.663,0,FALSE,308965376,294.7
286,empirical,empirical_type,1,FALSE,numeric,empirical,12,128,250,10,Inf,1000000,1,multisession,1,1000,25,FALSE,FALSE,2,empirical.type=AICc_full,"",NA,NA,2026-07-15T14:18:44+0200,jullum-ubuntu,4.6.1,1.0.8.9002,8bc209fc,2349605,ok,0.8905,6578.6736,4936.468,1640.457,0,0,248312144,128,1,10,10,40,6578.5073,0.0428,0.0275,6578.4309,0.0062,335568896,310919168,6580.502,0,FALSE,310919168,296.5
287,empirical,empirical_type,2,FALSE,numeric,empirical,12,128,250,10,Inf,1000000,1,multisession,1,1000,25,FALSE,FALSE,2,empirical.type=AICc_full,"",NA,NA,2026-07-15T12:26:13+0200,jullum-ubuntu,4.6.1,1.0.8.9002,8bc209fc,2342146,ok,0.8917,6695.2253,4959.357,1734.204,0,0,248311448,128,1,10,10,40,6695.0631,0.0427,0.0274,6694.987,0.006,333754368,309104640,6697.042,0,FALSE,309104640,294.8
288,empirical,empirical_type,3,FALSE,numeric,empirical,12,128,250,10,Inf,1000000,1,multisession,1,1000,25,FALSE,FALSE,2,empirical.type=AICc_full,"",NA,NA,2026-07-15T10:38:59+0200,jullum-ubuntu,4.6.1,1.0.8.9002,8bc209fc,2335339,ok,0.8874,6414.1437,4868.901,1543.623,0,0,248312712,128,1,10,10,40,6413.9788,0.0425,0.0274,6413.9028,0.0061,336252928,311644160,6415.95,0,FALSE,311644160,297.2
