rn,absmean_X1,absmean_X2,absmean_X3,absmean_total,abssd_X1,abssd_X2,abssd_X3,abssd_total,h_X_1,h_X_2,h_X_3,h_X_1_2,h_X_1_3,h_X_2_3,comp_time,true_model,fitted_model,variables,notes,rho,pi.G,sd_noise,nTrain,nTest,w_threshold,n_threshold,this.seed
empirical_sigma.0001,0.493975171558097,0.463283912505628,0.459222469041074,0.4721605177016,0.35658013282478,0.367530257548231,0.363412353852099,0.362746824224633,0.001,0.001,0.001,0.001,0.001,0.001,16.6,Linear,Linear,Gaussian,All var equal contribution,0.1,1,0.1,2000,1000,1,1000,123
empirical_sigma.001,0.317367591317743,0.296312187620262,0.319096616050712,0.310925464996239,0.248527128228276,0.246448362216551,0.252273670348112,0.24922701806811,0.01,0.01,0.01,0.01,0.01,0.01,17.5630000000001,Linear,Linear,Gaussian,All var equal contribution,0.1,1,0.1,2000,1000,1,1000,123
empirical_sigma.01,0.0770695483410847,0.075944882450437,0.0809136784466557,0.0779760364127258,0.0778933407459952,0.0850911487603622,0.0785703201834683,0.0805848644607267,0.1,0.1,0.1,0.1,0.1,0.1,19.034,Linear,Linear,Gaussian,All var equal contribution,0.1,1,0.1,2000,1000,1,1000,123
empirical_sigma.02,0.0511065829431803,0.0508405237000164,0.0579361480476705,0.0532944182302891,0.0469435770090476,0.0499852704029041,0.0542136682366471,0.0505589333942034,0.2,0.2,0.2,0.2,0.2,0.2,18.978,Linear,Linear,Gaussian,All var equal contribution,0.1,1,0.1,2000,1000,1,1000,123
empirical_sigma.03,0.0391275783045405,0.0421896109737768,0.0479661795469846,0.0430944562751007,0.0339464325758874,0.0342587889998221,0.0429496851157841,0.0374531750027371,0.3,0.3,0.3,0.3,0.3,0.3,19.359,Linear,Linear,Gaussian,All var equal contribution,0.1,1,0.1,2000,1000,1,1000,123
empirical_independence,0.095089598696837,0.0925173244793401,0.0956777712269207,0.0944282314676992,0.0718671563562107,0.0672084641544389,0.0694230104884508,0.0695159491789094,Inf,Inf,Inf,Inf,Inf,Inf,19.376,Linear,Linear,Gaussian,All var equal contribution,0.1,1,0.1,2000,1000,1,1000,123
Gaussian,0.033281716158678,0.0251679819636661,0.0447051490379507,0.0343849490534316,0.023936254842024,0.0190359053870258,0.0264443724694648,0.024672961571674,,,,,,,16.917,Linear,Linear,Gaussian,All var equal contribution,0.1,1,0.1,2000,1000,1,1000,123
copula,0.0340360161554418,0.0265905218162459,0.0455676770294927,0.0353980716670601,0.0234396011243695,0.0198518754420125,0.0267636777315767,0.0247763958332568,,,,,,,44.17,Linear,Linear,Gaussian,All var equal contribution,0.1,1,0.1,2000,1000,1,1000,123
