rn,absmean_X1,absmean_X2,absmean_X3,absmean_total,abssd_X1,abssd_X2,abssd_X3,abssd_total,h_X_1,h_X_2,h_X_3,h_X_1_2,h_X_1_3,h_X_2_3,comp_time,true_model,fitted_model,variables,notes,rho,pi.G,sd_noise,nTrain,nTest,w_threshold,n_threshold,this.seed
empirical_sigma.01,0.0328503980101314,0.0318170588504778,0.0285650902634611,0.0310775157080234,0.0334633177369556,0.0286914035088106,0.0280715357639456,0.0302169145087123,0.1,0.1,0.1,0.1,0.1,0.1,28.8020000000033,PiecewiseConstant,XGBoost,Gaussian,All var equal contribution,0.2,1,0.1,2000,1000,1,1000,123
empirical_AIC_each_k,0.0171985228353406,0.0161837686366805,0.012983894274651,0.0154553952488907,0.0210213179237182,0.0197515744114636,0.0154651919718595,0.0189750613581816,0.37609471049331,0.37609471049331,0.37609471049331,0.305257572038579,0.305257572038579,0.305257572038579,13110.202,PiecewiseConstant,XGBoost,Gaussian,All var equal contribution,0.2,1,0.1,2000,1000,1,1000,123
empirical_AIC_full,0.0167192204339209,0.015767517953462,0.0120851122804554,0.0148572835559461,0.0147752335027956,0.0135656244187345,0.00976248782254879,0.0130293547143774,0.239972587658,0.40235740029475,1.06073285334983,0.274930094608608,0.355583480453279,0.298555868453095,12501.568,PiecewiseConstant,XGBoost,Gaussian,All var equal contribution,0.2,1,0.1,2000,1000,1,1000,123
empirical_independence,0.0681521391489639,0.0430123471476038,0.0274342105215459,0.0461995656060378,0.0498303597042354,0.0329791644447843,0.0210980125525083,0.0402394166706661,Inf,Inf,Inf,Inf,Inf,Inf,29.6339999999982,PiecewiseConstant,XGBoost,Gaussian,All var equal contribution,0.2,1,0.1,2000,1000,1,1000,123
Gaussian,0.0108481868973609,0.0117439121075613,0.0119533438974433,0.0115151476341218,0.00800714376743061,0.00845832873063974,0.00918054768570109,0.00857288111760563,,,,,,,26.9619999999995,PiecewiseConstant,XGBoost,Gaussian,All var equal contribution,0.2,1,0.1,2000,1000,1,1000,123
copula,0.0105934695242558,0.0128317828740824,0.0127491843194304,0.0120581455725895,0.00819335527781191,0.00920307567673578,0.00999376329626031,0.00921515995136638,,,,,,,59.2980000000025,PiecewiseConstant,XGBoost,Gaussian,All var equal contribution,0.2,1,0.1,2000,1000,1,1000,123
treeSHAP,0.0491525032606317,0.0317109646191216,0.020602596215564,0.0338220213651058,0.0375720585342967,0.0260009537912587,0.0171619494033457,0.030523349303256,,,,,,,0.0190000000002328,PiecewiseConstant,XGBoost,Gaussian,All var equal contribution,0.2,1,0.1,2000,1000,1,1000,123
