rn,absmean_X1,absmean_X2,absmean_X3,absmean_total,abssd_X1,abssd_X2,abssd_X3,abssd_total,h_X_1,h_X_2,h_X_3,h_X_1_2,h_X_1_3,h_X_2_3,comp_time,true_model,fitted_model,variables,notes,rho,pi.G,sd_noise,nTrain,nTest,w_threshold,n_threshold,this.seed
empirical_sigma.01,0.029444671205255,0.0393016718700604,0.0446391330207039,0.0377951586986731,0.0357586848861219,0.036163458172107,0.0349076280756485,0.0361541332678812,0.1,0.1,0.1,0.1,0.1,0.1,19.3960000000079,Linear,Linear,Gaussian,All var equal contribution,0.9,1,0.1,2000,1000,1,1000,123
empirical_AIC_each_k,0.0263235967904818,0.0357704976924887,0.0422474778343853,0.0347805241057853,0.0317679126175186,0.0310548415623445,0.0320048585989759,0.0322707968380025,0.126454676275594,0.126454676275594,0.126454676275594,0.117569753061739,0.117569753061739,0.117569753061739,11112.343,Linear,Linear,Gaussian,All var equal contribution,0.9,1,0.1,2000,1000,1,1000,123
empirical_AIC_full,0.0266881109964261,0.0385799381750534,0.041768482810001,0.0356788439938269,0.0317861028243757,0.0325962073971973,0.0317914441090447,0.0327000715894513,0.144010007416509,0.0995148043434855,0.128555122747875,0.123887064596074,0.114854167110924,0.113083823582251,9426.51800000001,Linear,Linear,Gaussian,All var equal contribution,0.9,1,0.1,2000,1000,1,1000,123
empirical_independence,0.240914407579002,0.239241573180072,0.23522000053594,0.238458660431671,0.18266267716961,0.174678065443307,0.173726902760508,0.177024977720381,Inf,Inf,Inf,Inf,Inf,Inf,19.5349999999744,Linear,Linear,Gaussian,All var equal contribution,0.9,1,0.1,2000,1000,1,1000,123
Gaussian,0.0176598173839649,0.0188342239666257,0.0285076961479017,0.0216672458328308,0.0106108716305349,0.0141218860721728,0.0186710185697527,0.0156107390769346,,,,,,,17.7380000000121,Linear,Linear,Gaussian,All var equal contribution,0.9,1,0.1,2000,1000,1,1000,123
copula,0.0204985238982757,0.0368799249691371,0.0424828003739954,0.0332870830804694,0.0161998598834945,0.0246413684720303,0.0266516457007224,0.0247655209422328,,,,,,,48.1449999999895,Linear,Linear,Gaussian,All var equal contribution,0.9,1,0.1,2000,1000,1,1000,123
