rn,absmean_X1,absmean_X2,absmean_X3,absmean_total,abssd_X1,abssd_X2,abssd_X3,abssd_total,h_X_1,h_X_2,h_X_3,h_X_1_2,h_X_1_3,h_X_2_3,comp_time,true_model,fitted_model,variables,notes,rho,pi.G,sd_noise,nTrain,nTest,w_threshold,n_threshold,this.seed
empirical_sigma.01,0.031668464233257,0.0306259582198138,0.0291645083191995,0.0304863102574234,0.0349400553499922,0.028511858468933,0.03117297310689,0.0316577987859031,0.1,0.1,0.1,0.1,0.1,0.1,28.081,PiecewiseConstant,XGBoost,Gaussian,All var equal contribution,0.1,1,0.1,2000,1000,1,1000,123
empirical_AIC_each_k,0.0129821647670666,0.0111128910738464,0.0106948176711048,0.0115966245040059,0.0103348998551075,0.00905833285495239,0.00906076922559672,0.00955245783143709,0.465005011895596,0.465005011895596,0.465005011895596,0.368321796634256,0.368321796634256,0.368321796634256,15015.905,PiecewiseConstant,XGBoost,Gaussian,All var equal contribution,0.1,1,0.1,2000,1000,1,1000,123
empirical_AIC_full,0.013792831434801,0.0107675432127144,0.0095162178632593,0.0113588641702582,0.013479466462738,0.00973847457750775,0.00874209585704056,0.0109908323308574,0.316297068798057,26.2740754472543,1.02557779032872,0.282655846972336,0.463094921559384,0.370828810732858,20113.388,PiecewiseConstant,XGBoost,Gaussian,All var equal contribution,0.1,1,0.1,2000,1000,1,1000,123
empirical_independence,0.0338879509653728,0.022531289535616,0.0149211415721918,0.0237801273577269,0.024766171104006,0.0169202462628558,0.0112158606888011,0.0200585784803047,Inf,Inf,Inf,Inf,Inf,Inf,28.7040000000052,PiecewiseConstant,XGBoost,Gaussian,All var equal contribution,0.1,1,0.1,2000,1000,1,1000,123
Gaussian,0.011326442082036,0.0121858221649513,0.0121176292861559,0.0118766311777144,0.00816653424194572,0.00856073670389893,0.0094176222917848,0.00873640173595826,,,,,,,26.8220000000001,PiecewiseConstant,XGBoost,Gaussian,All var equal contribution,0.1,1,0.1,2000,1000,1,1000,123
copula,0.0096895909370205,0.0110986954657783,0.0132323401944569,0.0113402088657519,0.00765540736379442,0.00808537801644439,0.0104396036309547,0.00892886169354868,,,,,,,58.6800000000003,PiecewiseConstant,XGBoost,Gaussian,All var equal contribution,0.1,1,0.1,2000,1000,1,1000,123
treeSHAP,0.0262843687442687,0.0187171525007789,0.0109871136339793,0.018662878293009,0.0201729628518677,0.0155065008196115,0.00901044431522697,0.0167844040530994,,,,,,,0.0169999999998254,PiecewiseConstant,XGBoost,Gaussian,All var equal contribution,0.1,1,0.1,2000,1000,1,1000,123
